organism,genome_size_bp,contig_count,contig_n50,scaffold_n50,assembly_level,assembly_accession,assembly_name,coverage,taxid
Uncultured bacterium,2177867,1,2177867,2177867,Complete Genome,GCA_985558875.1,N-BarE-26apr23-C7-circ,13,77133
Pseudomonas sp.,4835465,714,7535,7535,Contig,GCA_058505395.1,ASM5850539v1,49.3,306
Streptomyces sp.,3070082,898,3690,3699,Scaffold,GCA_050699075.1,ASM5069907v1,24,1931
Aspergillus niger,35617925,9,4128540,4304314,Chromosome,GCA_055697485.1,ASM5569748v1,59,5061
Bacillus sp.,,,,,,,,,
Aspergillus fumigatus,29322347,8,3900669,3900669,Complete Genome,GCA_051225625.1,ASM5122562v1,183,746128
Pseudomonas chlororaphis,6793158,1,6793158,6793158,Complete Genome,GCF_058188405.1,ASM5818840v1,195.49,86192
Bacillus pumilus,3775567,1,3775567,3775567,Complete Genome,GCF_977007725.1,ASM97700772v1,128,1408
Pseudomonas aeruginosa,6917770,1,6917770,6917770,Complete Genome,GCF_058448535.1,ASM5844853v1,100,287
Fusarium solani,51516050,515,627000,653004,Scaffold,GCA_055801755.1,ASM5580175v1,100,169388
Agaricus bisporus,30196567,13,2491566,2491566,Complete Genome,GCA_055470795.1,ASM5547079v1,284.6,5341
Cupriavidus necator,8371674,4,2805146,2805146,Complete Genome,GCF_056236025.1,ASM5623602v1,659,53482
Bacillus cereus,5696470,5,5142384,5142384,Complete Genome,GCF_058449145.1,ASM5844914v1,16,1396
Phanerochaete chrysosporium,39205125,174,966363,966363,Contig,GCA_001910725.1,ASM191072v1,56.47,2822231
Fusarium oxysporum,68502166,19,4695532,4695532,Complete Genome,GCA_055944345.1,ASM5594434v1,176,299031
Thermobifida fusca,3760927,1,3760927,3760927,Complete Genome,GCF_015034585.1,ASM1503458v1,100,2021
Saccharomonospora viridis,4308214,17,736503,737196,Scaffold,GCF_900115515.1,IMG-taxon 2606217201 annotated assembly,209,1852
Amycolatopsis sp.,9383965,1075,13041,13041,Contig,GCF_036503595.1,ASM3650359v1,,37632
Fusarium sp.,,,,,,,,,
Aspergillus terreus,33874412,1123,137310,235066,Scaffold,GCA_058225725.1,ASM5822572v1,100,33178
Aspergillus flavus,37733153,8,4810157,4810157,Complete Genome,GCA_055697435.1,ASM5569743v1,1000,5059
Bacillus subtilis,4335115,2,4326831,4326831,Complete Genome,GCF_056715765.1,ASM5671576v1,100,1423
Rhodococcus sp.,,,,,,,,,
Aspergillus sp.,12587437,4019,3383,3383,Contig,GCA_963379335.1,SRR14198834_bin.1_MetaWRAP_v1.2.1_MAG,10,5065
Paucimonas lemoignei,5924472,1,5924472,5924472,Complete Genome,GCF_900475325.1,43222_E01,100,29443
Alcanivorax borkumensis,2979529,331,13802,15297,Scaffold,GCF_977205005.1,MarMAG_016118,15250,59754
Serratia marcescens,5008080,1,5008080,5008080,Complete Genome,GCF_056341065.1,ASM5634106v1,300,615
Ralstonia pickettii,5484666,2,3720034,3720034,Complete Genome,GCA_058150705.1,ASM5815070v1,100,329
Bacillus licheniformis,4333232,1,4333232,4333232,Complete Genome,GCA_055397075.1,ASM5539707v1,100,1402
Pseudoalteromonas sp.,3133353,449,10360,12782,Scaffold,GCA_984392985.1,TARA_SAMEA4397280_MAG_00000057,453,53249
Penicillium sp.,20219726,2873,10194,20171,Scaffold,GCA_054124195.1,ASM5412419v1,12,5081
Marinobacter sp.,4469058,1,4469058,4469058,Complete Genome,GCF_965229515.1,pyBrePsyg16.Marinobacter_sp_1.1,1027,50741
Thermobifida cellulosilytica,4430365,168,59904,870518,Scaffold,GCF_001517975.1,ASM151797v1,70,665004
Moraxella sp.,1896834,28,150085,166937,Scaffold,GCA_057313955.1,ASM5731395v1,0.9464,479
Penicillium chrysogenum,32569297,4,9112601,9112601,Complete Genome,GCA_044231865.1,ASM4423186v1,48,5076
Priestia megaterium,5743631,5,5117591,5117591,Complete Genome,GCA_057584545.1,ASM5758454v1,187,1404
Stutzerimonas stutzeri,4538010,1,4538010,4538010,Complete Genome,GCF_051307005.1,ASM5130700v1,100,316
Stenotrophomonas sp.,3008854,1,3008854,3008854,Complete Genome,GCA_057177025.1,ASM5717702v1,21,69392
Rhodococcus fascians,,,,,,,,,
Comamonas acidovorans,6286280,1,6286280,6286280,Complete Genome,GCA_058437695.1,ASM5843769v1,678,80866
Pseudomonas putida,140432,1,140432,140432,Complete Genome,GCA_982345475.1,pQBR55R,39,1407054
Enterobacter sp.,4270255,148,51865,51865,Scaffold,GCF_977039595.1,AGN047FE.67,4000,42895
Pseudomonas mendocina,4921653,2,4779589,4779589,Complete Genome,GCA_046352075.1,ASM4635207v1,100,300
Alcaligenes faecalis,4043058,1,4043058,4043058,Complete Genome,GCA_055398175.1,ASM5539817v1,100,511
Pseudogymnoascus pannorum,30534672,656,207300,266187,Scaffold,GCA_001630605.1,ASM163060v1,77,79858
Enterobacter hormaechei,4801688,1,4801688,4801688,Complete Genome,GCF_057169315.1,ASM5716931v1,426,299766
Cladosporium sp.,,,,,,,,,
Pseudomonas fluorescens,6487862,1,6487862,6487862,Complete Genome,GCF_977010515.1,H51_04,124,294
Prerenniporia tephropora,,,,,,,,,
Pseudomonas alcaligenes,,,,,,,,,
Bacillus amyloliquefaciens,4102560,1,4102560,4102560,Complete Genome,GCF_058167675.1,ASM5816767v1,892,1390
Phoma sp.,,,,,,,,,
Achromobacter xylosoxidans,6652480,1,6652480,6652480,Complete Genome,GCF_055387535.1,ASM5538753v1,500,85698
Arthrobacter sp.,1614672,1,1614672,1614672,Complete Genome,GCA_057176525.1,ASM5717652v1,17,1667
Fusarium verticillioides,43257301,12,4306550,4306550,Complete Genome,GCA_058139895.1,ASM5813989v1,454.76,117187
Trichoderma harzianum,39618724,4822,15504,6421825,Chromosome,GCA_044337915.1,BOL12-QD_spades,100,5544
Roseateles depolymerans,5681722,1,5681722,5681722,Complete Genome,GCF_001483865.1,ASM148386v1,165,76731
Aspergillus oryzae,37996583,8,4902411,4902411,Complete Genome,GCA_057808365.1,AoRIB40_1.0,81,5062
Exiguobacterium sp.,2201356,1068,2429,2616,Scaffold,GCA_049240565.1,ASM4924056v1,5.90566,44751
Amycolatopsis orientalis,9490992,1,9490992,9490992,Complete Genome,GCF_000943515.2,ASM94351v2,100,31958
Talaromyces funiculosus,28725133,408,842847,1056048,Scaffold,GCA_025768105.1,ASM2576810v1,412,28572
Streptococcus sp.,1900285,374,6787,6787,Contig,GCA_984817005.1,MGYG000013429,5,1306
Actinomadura sp.,5027764,377,15451,15482,Scaffold,GCA_047308205.1,ASM4730820v1,10,1989
Penicillium citrinum,31576115,9,4190090,4190090,Contig,GCA_058222955.1,ASM5822295v1,100,5077
Brevibacillus sp.,3136298,477,7610,7610,Contig,GCA_050946305.1,ASM5094630v1,11.6051,1882945
Penicillium simplicissimum,33887775,351,261071,261071,Contig,GCA_027569465.1,ASM2756946v1,289.2,69488
Brevibacillus brevis,6604668,87,224041,224262,Scaffold,GCF_050466085.1,ASM5046608v1,208.196,1393
Micromonospora sp.,3768260,644,6296,6296,Contig,GCA_058270835.1,ASM5827083v1,11.8875,1876
Paenibacillus sp.,6500407,892,10964,10964,Contig,GCA_056575705.1,ASM5657570v1,10,58172
Schlegelella thermodepolymerans,4030985,1,4030985,4030985,Complete Genome,GCF_026057715.1,ASM2605771v1,1400,215580
Aureobasidium pullulans,30284736,461,547912,1128170,Scaffold,GCA_054790355.1,ASM5479035v1,59,5580
Purpureocillium lilacinum,38846536,755,225678,323901,Scaffold,GCA_054134455.1,Purpureocillium_lilacinum_Ento1_v1,217,33203
Alcanivorax sp.,3506103,1,3506103,3506103,Complete Genome,GCA_043559425.1,ASM4355942v1,356,1872427
Rhizopus oryzae,30888935,662,60105,61991,Scaffold,GCA_050389755.1,R_arrhizus_W17_v1.0,251,64495
Paenibacillus amylolyticus,6611807,1,6611807,6611807,Complete Genome,GCF_051136295.1,ASM5113629v1,265,1451
Phlebiopsis sp.,,,,,,,,,
Comamonas testosteroni,5590961,2,5585868,5585868,Complete Genome,GCF_045833575.1,SG_Comamonas_testosteroni_VSPL.dLG,85,285
Xylaria sp.,,,,,,,,,
Schizophyllum commune,38081208,1085,328261,328261,Scaffold,GCA_049639405.1,ASM4963940v1,105,5334
Neopestalotiopsis phangngaensis,,,,,,,,,
Lihuaxuella thermophila,3808945,41,237386,237386,Scaffold,GCF_900110165.1,IMG-taxon 2675903160 annotated assembly,245,1173111
Variovorax paradoxus,6043317,2,5556705,5556705,Complete Genome,GCF_050627025.1,35b25_bc2091,76,1321610
Aspergillus fischeri,31377515,252,1240190,2929192,Scaffold,GCF_000149645.3,ASM14964v4,,331117
Rhodococcus ruber,5738084,4,5438782,5438782,Complete Genome,GCF_050920855.1,ASM5092085v1,60,1830
Fusarium equiseti,36506656,45,3330476,6628165,Scaffold,GCA_052857265.1,ASM5285726v1,333,61235
Streptomyces anulatus,8674807,1,8674807,8674807,Complete Genome,GCF_056037865.1,ASM5603786v1,20,1892
VIbrio sp.,4767216,184,67239,68400,Scaffold,GCF_984391705.1,TARA_SAMEA2622744_MAG_00000050,42,678
Comamonas sp.,,,,,,,,,
Cryptococcus sp.,,,,,,,,,
Pseudogymnoascus verrucosus,30174856,313,255240,446342,Scaffold,GCF_001662655.1,ASM166265v1,250,342668
Pestalotiopsis sp.,,,,,,,,,
Clonostachys rosea,56916760,9,7922139,7922139,Complete Genome,GCA_054828895.1,ASM5482889v1,291,29856
Terribacillus sp.,,,,,,,,,
Streptomyces roseolus,6990898,37,539770,775661,Scaffold,GCF_055607105.1,ASM5560710v1,66.9488,67358
Ideonella sakaiensis,6179873,2,6051261,6051261,Complete Genome,GCF_056715965.1,ASM5671596v1,194,1547922
Aspergillus tamarii,38043498,314,273931,288897,Scaffold,GCA_029962655.1,ASM2996265v1,140,41984
Amycolatopsis tolypomycina,10359572,282,66235,71119,Scaffold,GCF_040614335.1,ASM4061433v1,40.3797,208445
Gloeophyllum sepiarium,,,,,,,,,
Lachnellula sp.,,,,,,,,,
Pseudozyma antarctica,18696573,26,739915,739915,Complete Genome,GCA_031214725.1,ASM3121472v1,128,84753
Stenotrophomonas maltophilia,4670907,1,4670907,4670907,Complete Genome,GCA_055383635.1,ASM5538363v1,333,40324
Meyerozyma guilliermondii,10658372,8,1721903,1721903,Complete Genome,GCA_051546255.1,ASM5154625v1,712,4929
Leptothrix sp.,2039409,276,9593,9593,Scaffold,GCA_041226785.1,ASM4122678v1,100,34030
Fusarium culmorum,39904268,1639,203132,597651,Scaffold,GCA_052571695.1,ASM5257169v1,39,5516
Acidovorax sp.,6927076,1,6927076,6927076,Complete Genome,GCF_965279215.1,piParDeut1.Acidovorax_sp_1.1,20,1872122
Trichoderma sp.,,,,,,,,,
Staphylococcus sp.,1266307,228,11137,14100,Scaffold,GCA_982599915.1,ASPL16-1_SAMN05150093_MAG_00000105,10,29387
Streptomyces omiyaensis,8319260,91,158905,331715,Scaffold,GCF_043202195.1,ASM4320219v1,107.925,68247
Pleurotus ostreatus,40546978,21,3609302,3609302,Chromosome,GCA_051307915.1,ASM5130791v1,177.8,5322
Cladosporium cladosporioides,32514107,153,683801,2042166,Scaffold,GCA_056320455.1,ASM5632045v1,81,29917
Papiliotrema laurentii,19080099,160,345913,612423,Scaffold,GCA_015585935.1,ASM1558593v1,50,5418
Paracoccus denitrificans,5078518,3,3025368,3025368,Complete Genome,GCF_040409775.1,ASM4040977v1,99,266
Burkholderia sp.,2503222,3,1892292,1892292,Complete Genome,GCA_040954445.1,ASM4095444v1,2263.86,36773
Chaetomium globosum,34899018,354,214414,4722190,Scaffold,GCA_056320445.1,ASM5632044v1,92,38033
Agromyces sp.,3190906,938,3949,3975,Scaffold,GCA_050701855.1,ASM5070185v1,15,51513
Alternaria alternata,34025200,11,3045658,3045658,Complete Genome,GCA_056882425.1,KAS5497_auto_new.fasta,80,5599
Pseudomonas aestusnigri,3642652,108,59384,60946,Scaffold,GCF_977232715.1,MarMAG_022468,12474,857252
Bacillus thuringiensis,5608347,1,5608347,5608347,Complete Genome,GCF_056826315.1,ASM5682631v1,364,1428
Delftia acidovorans,6286280,1,6286280,6286280,Complete Genome,GCA_058437695.1,ASM5843769v1,678,80866
Halomonas aquamarina,3574926,1,3574926,3574926,Complete Genome,GCF_044805175.1,ASM4480517v1,240,77097
Amycolatopsis azurea,9840249,150,115862,148313,Scaffold,GCF_044769265.1,ASM4476926v1,99.8445,36819
Heterobasidion annosum,27530324,2059,27296,2324656,Scaffold,GCA_001457995.1,109SA,20,13563
Humicola insolens,29324833,365,157953,4229024,Scaffold,GCF_041956435.1,Mycthe1,454,85995
Amycolatopsis mediterranei,10606055,89,223566,10606055,Chromosome,GCF_026017845.1,ASM2601784v1,172,33910
Pseudomonas frederiksbergensis,6509891,1,6509891,6509891,Complete Genome,GCF_050990535.1,ASM5099053v1,200,104087
Diaporthe sp.,,,,,,,,,
Pseudomonas protegens,,,,,,,,,
Paraphoma chrysanthemicola,46295746,103,1165508,1165508,Contig,GCA_030544205.1,ASM3054420v1,76,798071
Bacillus aryabhattai,5401194,4,5198901,5198901,Complete Genome,GCF_056668325.1,ASM5666832v1,100,412384
Pseudomonas lemoignei,5924472,1,5924472,5924472,Complete Genome,GCF_900475325.1,43222_E01,100,29443
Aneurinibacillus aneurinilyticus,5212416,122,103815,103815,Scaffold,GCF_042789185.1,ASM4278918v1,113.873,1391
Hypoxylon sp.,,,,,,,,,
Acinetobacter baumannii,3849894,1,3849894,3849894,Complete Genome,GCF_055475405.1,ASM5547540v1,1.1,470
Clostridium botulinum,4086676,1,4086676,4086676,Complete Genome,GCF_056824335.1,ASM5682433v1,425,1491
Pseudomonas oryzihabitans,6099018,1,6099018,6099018,Complete Genome,GCA_977014225.1,R62,65,47885
Acinetobacter calcoaceticus,4113222,3,4061758,4061758,Complete Genome,GCF_054695935.1,ASM5469593v1,158.5,471
Duganella zoogloeoides,6321842,1,6321842,6321842,Complete Genome,GCF_034479515.1,ASM3447951v1,130.5,75659
Amycolatopsis alba,9811274,2,7623610,9811274,Scaffold,GCF_000384215.1,ASM38421v1,,1125972
Parengyodontium album,,,,,,,,,
Phoma aliena,,,,,,,,,
Shewanella sp.,4174660,408,13995,28125,Scaffold,GCF_982600365.1,BAIS20-1_SAMN15458164_MAG_00000010,369,50422
Streptomyces beijiangensis,8394580,54,525254,536641,Scaffold,GCF_039526835.1,ASM3952683v1,70,163361
Schlegelella sp.,2492859,915,2855,2914,Scaffold,GCA_980587435.1,SBL_JL2023_thoc_bin.25.orig,15,2838790
Streptomyces atratus,8738116,4,7598416,7598416,Complete Genome,GCF_045286965.1,ASM4528696v1,40,1893
Fusarium graminearum,38348317,4,9388879,9388879,Chromosome,GCA_055476185.1,ASM5547618v1,159,5518
Sphingomonas sp.,2987862,1,2987862,2987862,Complete Genome,GCA_965248885.1,glEphLana1.Sphingomonas_sp_4.1,35,28214
Bacillus gottheilii,4584688,2,4523455,4523455,Complete Genome,GCF_018582665.1,ASM1858266v1,40,859144
Amycolatopsis fastidiosa,7042850,30,1778554,1923813,Scaffold,GCF_014648415.1,ASM1464841v1,64,1816
Fomitiporia sp.,,,,,,,,,
Exiguobacterium profundum,3011540,3,2966994,2966994,Complete Genome,GCF_056781365.1,ASM5678136v1,362,307643
Bacillus flexus,4080869,1,4080869,4080869,Complete Genome,GCF_040212095.1,ASM4021209v1,,86664
Verticillium sp.,,,,,,,,,
Aspergillus awamori,36062713,102,913537,4068578,Scaffold,GCA_001599415.1,JCM_22320_assembly_v001,209,309746
Thermobifida alba,4903256,1,4903256,4903256,Complete Genome,GCF_023208015.1,ASM2320801v1,331,53522
Streptomyces pulveraceus,8779365,156,139832,450434,Scaffold,GCF_042658045.1,ASM4265804v1,50,68258
Xanthomonas sp.,5431170,1204,5290,5687,Scaffold,GCA_964658575.1,Boreal Moss Metagenome Coassembled MAG Green_AD_2,10,29446
Halomonas sp.,3701244,1,3701244,3701244,Complete Genome,GCF_044801325.1,ASM4480132v1,240,1486246
Micrococcus luteus,2581258,1,2581258,2581258,Complete Genome,GCF_057458075.1,ASM5745807v1,166,1270
Bjerkandera adusta,39456311,3570,131243,153182,Scaffold,GCA_027924225.1,adusta_1.0,115,5331
Serratia sp.,,,,,,,,,
Microbulbifer sp.,4699831,214,37970,37970,Contig,GCF_051659245.1,ASM5165924v1,14.1511,1908541
Neodevriesia sp.,,,,,,,,,
Geobacillus thermocatenulatus,3742258,1,3742258,3742258,Complete Genome,GCF_002243665.1,ASM224366v1,294.14,33938
Xylaria feejeensis,50607379,1270,110030,110030,Contig,GCA_051622775.1,ASM5162277v1,129.6,498163
Laceyella sp.,,,,,,,,,
Lysinibacillus fusiformis,4731136,1,4731136,4731136,Complete Genome,GCF_050210815.1,ASM5021081v1,103,28031
Gordonia sp.,,,,,,,,,
Gibberella sp.,,,,,,,,,
Aspergillus glaucus,27993362,433,150165,1040687,Scaffold,GCF_001890805.1,Aspgl1,175.9,1160497
Fusarium pseudensiforme,48853893,407,299300,352734,Scaffold,GCA_057674525.1,ASM5767452v1,90.0548,986114
Diaphorobacter sp.,3132208,107,46544,65330,Scaffold,GCF_050251835.1,ASM5025183v1,70.7907,1934310
Strain IZU-154,,,,,,,,,
Saccharothrix waywayandensis,10153412,39,475994,627394,Scaffold,GCF_900115955.1,IMG-taxon 2634166311 annotated assembly,84,84724
Rhodopseudomonas palustris,5322233,1,5322233,5322233,Complete Genome,GCF_055396875.1,ASM5539687v1,62,1076
Bacillus vietnamensis,4445556,1,4445556,4445556,Complete Genome,GCF_056503655.1,ASM5650365v1,463,218284
Brevibacillus parabrevis,6016954,1,6016954,6016954,Complete Genome,GCA_050817855.1,ASM5081785v1,1,54914
Brevibacillus borstelensis,5366844,1,5366844,5366844,Complete Genome,GCF_964020885.1,ASM4NB17S,80,45462
Mucor sp.,,,,,,,,,
Micrococcus sp.,2574678,305,15295,18499,Scaffold,GCA_030538555.1,ASM3053855v1,12.7934,1271
Micromonosporales bacterium,,,,,,,,,
Micromonospora matsumotoense,7421067,1,7421067,7421067,Complete Genome,GCF_050951065.1,MDNA_WGS_230_assembly,139,121616
Nigrospora oryzae,43214190,15,4037616,4037616,Contig,GCA_016758845.1,ASM1675884v1,170,335854
Fomitopsis palustris,35249895,134,991408,991408,Contig,GCA_029783445.1,ASM2978344v1,138.83,2870670
Moniliophthora roreri,57384356,6170,25983,68704,Scaffold,GCA_001466705.1,ASM146670v1,91,221103
Aspergillus sydowii,32879746,108,857609,893518,Scaffold,GCA_040113305.1,ASM4011330v1,170,75750
Aspergillus ustus,38351268,1502,178527,279164,Scaffold,GCA_000812125.1,Austus1.0,100,40382
Fusarium decemcellulare,50541515,6184,12933,13093,Scaffold,GCA_027627305.1,Fusarium_decemcellulare_reassembly_enz,27,57161
Flavodon ambrosius,,,,,,,,,
Aspergillus tubingensis,35480291,9,4183659,4183659,Complete Genome,GCA_049803905.1,UCR_Atub_DFA_1.0,92,5068
Rhodococcus rhodochrous,3679354,1,3679354,3679354,Complete Genome,GCA_057176845.1,ASM5717684v1,18,1829
Alteromonas sp.,4691865,169,57327,86451,Scaffold,GCF_984472965.1,TARA_SAMEA6020238_MAG_00000139,33,232
Aspergillus versicolor,35112258,463,646111,796646,Scaffold,GCA_020284045.1,ASM2028404v1,100,46472
Arcopilus aureus,33771076,8,5089737,5089737,Chromosome,GCA_054372435.1,ASM5437243v1,146,79815
Trametes versicolor,43665725,1169,124261,881114,Scaffold,GCA_041956555.1,Traver1,30,5325
Pseudomonas citronellolis,7225090,2,7205391,7205391,Complete Genome,GCF_055699125.1,ASM5569912v1,144.923,53408
Rhodotorula mucilaginosa,20086953,240,288105,316997,Scaffold,GCA_055801775.1,ASM5580177v1,100,5537
Burkholderia cepacia,8544351,3,3452404,3452404,Complete Genome,GCF_050632355.1,ASM5063235v1,29,292
Rhizobacter sp.,4371795,1,4371795,4371795,Complete Genome,GCA_050916095.1,Nodemux_PB0423_c120,80,1909292
Brevibacillus agri,5565908,1,5565908,5565908,Complete Genome,GCF_056867985.1,ASM5686798v1,116,51101
Bacillus sp. SC9,,,,,,,,,
Debaryomyces hansenii,12828623,7,2070711,2070711,Complete Genome,GCA_056149625.1,EIMB_Dhan_Wch_1.0,140,4959
Pycnoporus cinnabarinus,33668918,2908,24093,167384,Scaffold,GCA_000765035.1,BN946,31,5643
Delftia sp.,5999034,1463,6771,9990,Scaffold,GCA_032014765.1,ASM3201476v1,4,1886637
Epicoccum sp.,,,,,,,,,
Plectosphaerella cucumerina,35430874,319,200024,233053,Scaffold,GCA_040285535.1,ASM4028553v1,100,40658
Polyangium brachysporum,,,,,,,,,
Penicillium roqueforti,44213430,7870,6744,7271,Scaffold,GCA_054123635.1,ASM5412363v1,2,5082
Cladosporium halotolerans,27680628,550,547854,575797,Scaffold,GCA_052323925.1,ASM5232392v1,329,1052096
Penicillium brevicompactum,32039037,224,923532,923532,Contig,GCA_053573665.1,ASM5357366v1,104,5074
Nocardiopsis prasina,5998803,240,60278,60278,Contig,GCF_000341265.1,SOAPdenovo 1.06,120,1245475
Paraphoma radicina,,,,,,,,,
Paraphoma sp.,,,,,,,,,
Penicillium oxalicum,28576124,237,421856,583988,Scaffold,GCA_051942915.1,ASM5194291v1,131,69781
Oleispira antarctica,4036603,280,31046,53558,Scaffold,GCA_982917125.1,KRUG19-1_SAMN06266115_MAG_00000085,18,188908
Paenarthrobacter ureafaciens,4664150,2,4497973,4497973,Complete Genome,GCF_051027645.1,GZY_A7_2.1,100,37931
Cellulosimicrobium sp.,3927604,563,8289,8292,Scaffold,GCA_029256625.1,ASM2925662v1,20.9862,1871614
Coprinellus aureogranulatus,58242426,4712,16601,16685,Scaffold,GCA_027627275.1,Coprinellus_aureogranulatus_MPG-14n_reassembly,12,752674
Curvularia lunata,33535945,741,226947,226947,Scaffold,GCA_005212705.1,ASM521270v1,8,5503
Cordyceps farinosa,30668880,666,97133,140067,Scaffold,GCA_051527715.1,YNP20,51.5671,89141
Pleosporales sp.,,,,,,,,,
Acidovorax delafieldii,5003996,2,4996041,4996041,Complete Genome,GCF_044056765.1,Isolate30,59,47920
Acremonium sp.,,,,,,,,,
Acinetobacter septicus,3860318,2,3490293,3490393,Chromosome,GCF_019355975.1,ASM1935597v1,8955.93,465797
Thermomonospora curvata,5639016,1,5639016,5639016,Complete Genome,GCF_000024385.1,ASM2438v1,,471852
Phanerochaete pseudomagnolia,,,,,,,,,
Phellinus amazonicus,,,,,,,,,
Phlebiopsis flavidoalba,36594278,224,528493,528493,Contig,GCA_035772785.1,ASM3577278v1,91.89,467968
Corynebacterium sp.,1783901,800,2528,2528,Contig,GCA_986115415.1,MGYG000200572,5,1720
Acinetobacter junii,3405816,1,3405816,3405816,Complete Genome,GCF_982398005.1,LAU060C,113,40215
Actinomucor elegans,34171183,494,195194,748976,Scaffold,GCA_001599635.1,JCM_22485_assembly_v001,317,64647
Acidimicrobiales bacterium,1305438,1,1305438,1305438,Complete Genome,GCA_985558835.1,N-McKE-02may23-C23-circ,19,2201156
Kaistella jeonii,3288745,1,3288745,3288745,Complete Genome,GCF_900638245.1,56772_F02,100,266749
Thermoascus aurantiacus,28114151,897,63994,174224,Scaffold,GCA_049306585.1,ASM4930658v1,169,5087
Amycolatopsis methanolica,7237391,1,7237391,7237391,Complete Genome,GCF_000739085.1,ASM73908v1,28,1068978
Aequorivita sp.,1649218,493,3505,3508,Scaffold,GCA_984412015.1,TARA_SAMEA2622561_MAG_00000014,6,1872390
Streptomyces gougerotti,,,,,,,,,
Actinoplanes ianthinogenes,9897806,1,9897806,9897806,Complete Genome,GCF_018324205.1,ASM1832420v1,168,122358
Agrobacterium tumefaciens,5864515,4,2959894,2959894,Complete Genome,GCA_047731285.1,ASM4773128v1,220,358
Alternaria burnsii,33316601,470,575944,832062,Scaffold,GCA_951284595.1,Ab_NCIM_1409_WGS_Assembly,85,1187904
Alcaligenes sp.,,,,,,,,,
Streptomyces griseus,8315838,1,8315838,8315838,Complete Genome,GCF_045209855.1,ASM4520985v1,146,1911
Streptomyces lateritius,7495706,41,519590,630403,Scaffold,GCF_055589125.1,ASM5558912v1,143.579,67313
Streptomyces viridosporus,8798190,155,121329,165009,Scaffold,GCF_055595825.1,ASM5559582v1,131.399,67581
Talaromyces verruculosus,37629238,719,231731,353466,Scaffold,GCA_001305275.1,ASM130527v1,100,198730
Alternaria pseudoeichhorniae,,,,,,,,,
Alternaria sp.,,,,,,,,,
Anoxybacillus flavithermus,2823979,1,2823879,2823979,Chromosome,GCA_051020535.1,ASM5102053v1,12,33934
Amycolatopsis coloradensis,9059528,69,229342,9059528,Chromosome,GCF_037997115.1,ASM3799711v1,50,76021
Jonesia denitrificans,2749646,1,2749646,2749646,Complete Genome,GCF_019048465.1,ASM1904846v1,2461.88,43674
Geomyces sp.,,,,,,,,,
Ketobacter sp.,2786931,887,3459,3661,Scaffold,GCA_982718845.1,CARD22-1_SAMN24292814_MAG_00000002,5,2083498
Kibdelosporangium aridum,12276125,47,567844,717233,Scaffold,GCF_900176515.1,IMG-taxon 2595698251 annotated assembly,83,2030
Acinetobacter pittii,3896033,1,3896033,3896033,Complete Genome,GCF_055475515.1,ASM5547551v1,1.1,48296
Acidovorax avenae,5625582,1,5625582,5625582,Complete Genome,GCF_040892545.1,ASM4089254v1,87,80867
Actinoallomurus spadix,8055572,89,363258,363258,Contig,GCF_039520985.1,ASM3952098v1,62,79912
Acinetobacter guillouiae,4559728,1,4559728,4559728,Complete Genome,GCF_965240475.1,jaEchHorr1.Acinetobacter_guillouiae_1.1,163,106649
Acinetobacter sp.,4525009,1,4525009,4525009,Complete Genome,GCF_965261865.1,jaAcrAbro1.Acinetobacter_sp_1.1,77,472
Ureibacillus massiliensis,3999909,156,86564,86564,Contig,GCF_002200855.1,ASM220085v1,243.9,1211035
Actinokineospora spheciospongiae,7546603,32,442119,712602,Scaffold,GCF_003182415.1,ASM318241v1,115,909613
Actinomadura keratinilytica,7284963,312,45921,45921,Scaffold,GCF_039539665.1,ASM3953966v1,37,547461
Thermomyces lanuginosus,,,,,,,,,
Cladosporium sphaerospermum,29474687,204,752211,752211,Scaffold,GCA_052323905.1,ASM5232390v1,298,92950
Cladosporium subcinereum,,,,,,,,,
Cladosporium tenuissimum,34885349,585,1624981,1624981,Scaffold,GCA_052324305.1,ASM5232430v1,220,70808
Caenibacterium thermophilum,4030985,1,4030985,4030985,Complete Genome,GCF_026057715.1,ASM2605771v1,1400,215580
Caldimonas manganoxidans,3532116,92,92346,92346,Scaffold,GCF_000381125.1,ASM38112v1,,1265502
Clostridium acetobutylicum,4074299,38,192073,192073,Contig,GCF_014231285.1,ASM1423128v1,74.2391,1488
Clostridium sp.,2617578,1,2617478,2617578,Chromosome,GCF_047836715.1,ASM4783671v1,415,1506
Penicillium stoloniferum,,,,,,,,,
Perenniporia sp.,,,,,,,,,
Cordyceps fumosorosea,34351738,33,3140782,4145717,Chromosome,GCA_963580265.1,grCorFumo1.1,693,114497
Coprinellus bipellis,,,,,,,,,
Crossiella sp.,,,,,,,,,
Cupriavidus sp.,8576980,108,129101,145232,Scaffold,GCF_057315035.1,ASM5731503v1,0.9994,1873897
Pseudomonas lini,6311328,1,6311328,6311328,Complete Genome,GCF_977007325.1,Pseudomonas sp. R-92704 assembly,140,163011
Pseudomonas litoralis,3987942,1,3987842,3987942,Chromosome,GCF_900105005.1,IMG-taxon 2667527220 annotated assembly,148,797277
Pseudomonas oleovorans,,,,,,,,,
Pseudomonas pavonaceae,,,,,,,,,
Pseudomonas pseudoalcaligenes,5861981,1,5861981,5861981,Complete Genome,GCF_045291465.1,ASM4529146v1,9,301
Plesporaceae sp.,,,,,,,,,
Pseudomonas bauzanensis,3683315,78,241832,737260,Scaffold,GCF_005096325.1,ASM509632v1,100,653930
Proteus mirabilis,3932946,1,3932946,3932946,Complete Genome,GCF_058177355.1,LaCa_90_v1,162,584
Proteus sp.,,,,,,,,,
Citrobacter koseri,4705687,1,4705687,4705687,Complete Genome,GCF_055383465.1,ASM5538346v1,290,545
Cladosporium pseudocladosporioides,32859667,46,1666378,1791065,Scaffold,GCA_052324145.1,ASM5232414v1,256,887100
Colletotrichum fructicola,55203807,562,305478,328312,Scaffold,GCA_057924315.1,ASM5792431v1,40,690256
Penicillium expansum,32468381,6,5397789,7894026,Scaffold,GCA_044231815.1,ASM4423181v1,48,27334
Penicillium ochrochloron,35878523,435,279787,414397,Scaffold,GCA_047150385.1,Poch_1.0,154,69780
Paecilomyces sp.,,,,,,,,,
Paecilomyces variotii,31118281,310,179546,326783,Scaffold,GCA_030062335.1,Pva_DTO282F9_1,64,264951
Pantoea sp.,3157228,893,4539,5401,Scaffold,GCA_965308445.1,S1400_NS37_NS81_metabat2_refined_bins.tsv.049_sub,8,69393
Didymosphaeriaceae sp.,,,,,,,,,
Delftia tsuruhatensis,6200520,1,6200520,6200520,Complete Genome,GCF_055379645.1,ASM5537964v1,64,180282
Emericella nidulans,32593788,403,333028,473267,Scaffold,GCA_047715555.1,Aspacri1,76.5,286159
Bacillus zanthoxyli,6534092,327,106867,106867,Contig,GCA_052983235.1,ASM5298323v1,432,2663026
Botrytis cinerea,44886383,18,2718152,2718152,Complete Genome,GCA_039644125.1,Botrytis_cinerea_Vv3,120,40559
Brevundimonas sp.,3311338,1,3311338,3311338,Complete Genome,GCF_965279155.1,piParDeut1.Brevundimonas_sp_2.1,81,1871086
Pseudomonas veronii,7458024,6,7035211,7035211,Complete Genome,GCA_055504885.3,ASM5550488v1,60,76761
Ralstonia sp.,5111962,38,235500,297316,Scaffold,GCF_057315095.1,ASM5731509v1,0.9994,54061
Remotididymella sp.,,,,,,,,,
Psychrobacter sp.,3152352,138,33728,34067,Scaffold,GCF_984584385.1,ZHAO22-1_SAMN29179945_MAG_00000030,15,56811
Rhizopus delemar,38805643,19271,6849,6854,Scaffold,GCA_011764145.1,ASM1176414v1,39.1412,936053
Rhizopus nigricans,48208381,20,4366636,4366636,Chromosome,GCA_054954275.1,ASM5495427v1,138,4846
Rhizobacter gummiphilus,5938097,3,5594180,5594180,Complete Genome,GCF_032681285.1,ASM3268128v1,173.3,946333
Cephalosporium sp.,,,,,,,,,
Chaetomium murorum,,,,,,,,,
Pseudomonas oceani,4084170,1,4084170,4084170,Complete Genome,GCF_963677335.1,piTriSpeb1.Halopseudomonas_oceani_1.1,70,1708783
Pseudomonas pelagia,4550643,1,4550643,4550643,Complete Genome,GCF_009497895.1,ASM949789v1,12,553151
Azospirillum brasilense,7456758,5,1765665,1765665,Complete Genome,GCF_055502155.1,ASM5550215v1,120,192
Azotobacter vinelandii,5379020,1,5379020,5379020,Complete Genome,GCF_055386615.1,ASM5538661v1,94,354
Bacillus sp. SB14,,,,,,,,,
Bacillus megaterium,5743631,5,5117591,5117591,Complete Genome,GCA_057584545.1,ASM5758454v1,187,1404
Aspergillus clavatus,27452817,345,178480,340964,Scaffold,GCA_023620035.1,ASM2362003v1,152,5057
Bacillus pseudomycoides,5228712,1,5228712,5228712,Complete Genome,GCF_051902015.1,ASM5190201v1,340,64104
Rhodotorula sp.,,,,,,,,,
Rhodococcus erythropolis,6619609,2,6514755,6514755,Complete Genome,GCA_055379375.1,ASM5537937v1,25,1833
Rhodospirillum rubrum,4406405,2,4352570,4352570,Complete Genome,GCF_019134555.1,ASM1913455v1,370,1085
Bacillus vallismortis,4242633,2,4234100,4234100,Complete Genome,GCF_056632155.1,ASM5663215v1,134,72361
Bacillus velezensis,4138524,1,4138524,4138524,Complete Genome,GCF_058167685.1,ASM5816768v1,740,492670
Engyodontium album,,,,,,,,,
Mortierella sp.,,,,,,,,,
Neonectria sp.,,,,,,,,,
Nigrofomes melanoporus,,,,,,,,,
Microbispora sp.,6336961,808,10615,10615,Contig,GCA_019689655.1,ASM1968965v1,15,1898321
Micromonosporaceae bacterium,5131841,916,7120,7120,Contig,GCA_057127475.1,ASM5712747v1,10,1873464
Marinactinospora thermotolerans,5663707,49,277454,420809,Scaffold,GCF_900167435.1,IMG-taxon 2524614583 annotated assembly,118,1122192
Exophilia sp.,,,,,,,,,
Flavobacterium sp.,4234915,1,4234915,4234915,Complete Genome,GCA_965284545.1,NI882-mx-bin01,2086,239
Fusarium redolens,49427759,4718,29641,29749,Scaffold,GCA_019843785.1,ASM1984378v1,50,48865
Aspergillus foetidus,32951643,205,601137,601137,Contig,GCA_037044355.1,ASM3704435v1,0.992,63131
Aspergillus giganteus,,,,,,,,,
Asteromyces cruciatus,,,,,,,,,
Aspergillus nidulans,32593788,403,333028,473267,Scaffold,GCA_047715555.1,Aspacri1,76.5,286159
Sarcina aurantiaca,,,,,,,,,
Sarocladium strictum,,,,,,,,,
Staphylococcus epidermidis,2425999,1,2425999,2425999,Complete Genome,GCF_058344415.1,ASM5834441v1,1500,1282
Sinomonas sp.,3952008,303,23574,28878,Scaffold,GCF_036848755.1,ASM3684875v1,10,1914986
Rhodococcus opacus,9109627,6,7816491,7816491,Complete Genome,GCF_048288345.1,ASM4828834v1,86,37919
Stachybotrys chartarum,41009036,3501,260193,1219284,Scaffold,GCA_001021365.1,ASM102136v1,18,74722
Arthrinium sacchari,,,,,,,,,
Amycolatopsis rugosa,5279998,2,5215897,5215897,Contig,GCF_007829565.1,ASM782956v1,95,43354
Amycolatopsis sulphurea,6804561,89,149523,255165,Scaffold,GCF_049546585.1,ASM4954658v1,89.0651,76022
Aequorivita viscosa,3419429,55,125400,138235,Scaffold,GCA_048268625.1,ASM4826862v1,12,797419
Aequorivita vladivostokensis,2671279,618,6149,8457,Scaffold,GCA_977251745.1,MarMAG_022730,16068,171194
Steroidobacter cummioxidans,7936208,126,97490,97490,Contig,GCF_003104955.1,ASM310495v1,34.47,1803913
Stenotrophomonas panacihumi,3980945,54,233793,233793,Contig,GCF_003046775.1,ASM304677v1,991,676599
Stenotrophomonas pavanii,4624954,1,4624954,4624954,Complete Genome,GCF_058139625.1,ASM5813962v1,265,487698
Streptomyces ciscaucasicus,9644973,1,9644973,9644973,Complete Genome,GCF_049949105.1,ASM4994910v1,12,58343
Streptomyces cyaneogriseus,7762396,1,7762396,7762396,Complete Genome,GCF_000931445.1,ASM93144v1,240,477245
Streptomyces ascomycinicus,,,,,,,,,
Streptomyces avidinii,8171559,1,8171559,8171559,Complete Genome,GCA_058623455.1,ASM5862345v1,362,1895
Streptomyces badius,7493052,106,139863,154771,Scaffold,GCF_053618955.1,ASM5361895v1,20.5744,1941
Arthrobacter oryzae,3611428,157,57882,57882,Contig,GCA_046590055.1,ASM4659005v1,96.43,409290
Fulvifomes sp.,,,,,,,,,
Fusarium moniliforme,43257301,12,4306550,4306550,Complete Genome,GCA_058139895.1,ASM5813989v1,454.76,117187
Matsuebacter chitosanotabidus,,,,,,,,,
Memnoniella echinata,43681955,550,270061,3459663,Scaffold,GCA_001599555.1,JCM_22618_assembly_v001,215,80383
Lysinibacillus sp.,2972315,722,4912,4912,Contig,GCA_056291435.1,ASM5629143v1,10,1869345
Lysinibacillus xylanilyticus,5035725,1,5035725,5035725,Complete Genome,GCF_057418955.1,ASM5741895v1,150,582475
Microbacterium flavum,3266062,25,843372,843372,Contig,GCF_039531085.1,ASM3953108v1,81,415216
Laceyella sacchari,3383707,2,3351583,3351583,Complete Genome,GCF_024927925.1,ASM2492792v1,433,37482
Lederbergia lenta,4384366,1,4384366,4384366,Complete Genome,GCF_900478165.1,48290_A02,267,1467
Klebsiella pneumoniae,5489631,3,5312198,5312198,Complete Genome,GCF_058435815.1,ASM5843581v1,122,573
Laetisaria arvalis,,,,,,,,,
Lecanicillium araneicola,,,,,,,,,
Gracilibacillus sp.,2423025,357,8541,8541,Contig,GCA_029268495.1,ASM2926849v1,10,1871618
Gloeophyllum trabeum,37178225,1454,58165,1857171,Scaffold,GCF_000344685.1,Glotr1_1,54,670483
Thelebolus globosus,,,,,,,,,
Trichaptum abietinum,49443107,15,4268582,4354199,Scaffold,GCA_910574555.1,TA10106M1,45,3028765
Actinomycetes bacterium,2980205,1,2980205,2980205,Complete Genome,GCA_985559095.1,N-WiE-21apr23-C3-circ,24,1883427
Vibrio parahaemolyticus,5284735,3,3318850,3318850,Complete Genome,GCF_055394615.1,ASM5539461v1,200,670
Vibrio gazogenes,4712467,2,3516262,3516262,Complete Genome,GCF_041860215.1,ASM4186021v1,134,687
Thermobifida halotolerans,5506152,2,5450744,5450744,Complete Genome,GCF_003574835.2,ASM357483v2,158,483545
Trichoderma viride,37452741,428,416482,638408,Scaffold,GCA_052571625.1,ASM5257162v1,39,5547
Tropicoporus linteus,,,,,,,,,
Absidia sp.,,,,,,,,,
Vibrio alginolyticus,5169403,2,3342079,3342079,Complete Genome,GCF_058119545.1,ASM5811954v1,597,663
Verticillium leptobactrum,,,,,,,,,
Yokenella regensburgei,5465162,154,633927,633927,Scaffold,GCF_051296125.1,ASM5129612v1,300,158877
Abortiporus biennis,33729601,808,110047,110047,Contig,GCA_047301825.1,ASM4730182v1,135,137743
Acetobacterium sp.,2848184,152,36902,41360,Scaffold,GCA_983022145.1,MARL16-1_SAMN03857199_MAG_00000041,19,1872094
Trichoderma fomiticola,,,,,,,,,
Trichoderma hamatum,39900447,17,4291428,4409307,Scaffold,GCA_054127445.1,ASM5412744v1,150,49224
Trichoderma lixii,40839076,450,832935,6313746,Scaffold,GCA_040333435.2,ASM4033343v2,134,1491472
Trichoderma virens,41449998,8,6644895,6644895,Complete Genome,GCA_020647705.1,ASM2064770v1,83.7,1331945
Trichothecium roseum,33510174,11,4290040,4290040,Complete Genome,GCA_026184415.1,ASM2618441v1,336.4,47278
Thermopolyspora flexuosa,5866409,188,642986,642986,Scaffold,GCF_014647775.1,ASM1464777v1,149,103836
Thyrostroma jaczewskii,,,,,,,,,
Thermobacillus composti,4355525,2,4206343,4206343,Complete Genome,GCF_000227705.2,ASM22770v3,30,717605
Aliishimia ponticola,4076386,15,987617,987617,Contig,GCF_004803475.1,ASM480347v1,190.4,2499833
Alkalihalobacillus algicola,3930474,18,1259214,1259214,Contig,GCF_020171805.1,ASM2017180v1,254,225844
Alkalihalobacillus hwajinpoensis,4431383,3,4060521,4060521,Complete Genome,GCF_039851965.1,ASM3985196v1,177,208199
Alternaria Solani,,,,,,,,,
Alternaria brassicae,33821513,10,3537936,3537936,Complete Genome,GCA_036768465.1,ASM3676846v1,300,29911
Alternaria chlamydospora,36398649,19,3252568,3252568,Contig,GCA_047302185.1,ASM4730218v1,151,1187911
Albosynnema elegans,,,,,,,,,
Streptomyces swartbergensis,9209483,73,430994,498739,Scaffold,GCF_044764565.1,ASM4476456v1,180.122,487165
Streptomyces thermocarboxydovorans,6501533,190,79395,85554,Scaffold,GCF_039524635.1,ASM3952463v1,62,59298
Streptomyces thermogriseus,6360944,292,78708,78965,Scaffold,GCF_039525705.1,ASM3952570v1,97,75292
Streptomyces thermonitrificans,6021617,651,20625,21010,Scaffold,GCF_002155915.1,ASM215591v1,100,1934
Streptomyces thermoviolaceus,6066002,1,6066002,6066002,Complete Genome,GCF_045209695.1,ASM4520969v1,37,1952
Streptomyces hypolithicus,6165428,3,6014151,6014151,Complete Genome,GCF_052934925.1,ASM5293492v1,88,479410
Streptomyces lydicus,8456637,129,114762,283579,Scaffold,GCF_055602845.1,ASM5560284v1,128.447,47763
Thermoanaerobacter sp.,2258243,63,52515,52515,Contig,GCF_040797805.1,ASM4079780v1,799.97,1755
Terracoccus luteus,4071172,28,584685,584685,Contig,GCF_024171585.1,ASM2417158v1,368,53356
Terribacillus saccharophilus,3639181,1,3639181,3639181,Complete Genome,GCA_044095135.1,ASM4409513v1,40,361277
Streptomyces thermovulgaris,6021617,651,20625,21010,Scaffold,GCF_002155915.1,ASM215591v1,100,1934
Streptomyces werraensis,7456462,20,795343,795343,Scaffold,GCF_055606525.1,ASM5560652v1,79.1544,68284
Streptomyces sp.,3070082,898,3690,3699,Scaffold,GCA_050699075.1,ASM5069907v1,24,1931
Talaromyces islandicus,34715840,1345,63871,2353708,Scaffold,GCA_000985935.1,PIS,100,28573
Talaromyces minioluteus,,,,,,,,,
Streptomyces rochei,8057311,2,7949424,7949424,Complete Genome,GCF_052363595.1,ASM5236359v1,100,1928
Alteromonas oceani,4263886,300,25699,28995,Scaffold,GCA_049594675.1,ASM4959467v1,10,2071609
Stemphylium vesicarium,41383584,25,2354233,2354233,Scaffold,GCA_055672515.1,ASM5567251v1,150,119933
Stenotrophomonas geniculata,4515978,1,4515978,4515978,Complete Genome,GCF_050983545.1,ASM5098354v1,200,86188
Stenotrophomonas humi,3800993,2,3797370,3797370,Contig,GCF_977013955.1,Ri140,34,405444
Talaromyces pinophilus,36523260,21,3280491,3280491,Contig,GCA_048181935.1,ASM4818193v1,60,128442
Talaromyces rugulosus,35758560,6,5896210,5896210,Complete Genome,GCF_013368755.1,ASM1336875v1,526,121627
Talaromyces variabilis,33780117,25,2127226,5544665,Scaffold,GCA_040333175.1,ASM4033317v1,664,28576
Terrabacter tumescens,4707860,33,318464,611474,Scaffold,GCF_014646815.1,ASM1464681v1,245,60443
Grammothele fuligo,,,,,,,,,
Gymnopilus junonius,75029388,735679,281,328,Scaffold,GCA_900068935.1,Gymnopilus_junonius-8,50,109634
Geonectria subalpina,,,,,,,,,
Geotrichum candidum,21136962,2273,13164,15494,Scaffold,GCA_054125745.1,ASM5412574v1,12,1173061
Gibellulopsis nigrescens,33331644,22,2979356,2979356,Contig,GCA_043790115.1,ASM4379011v1,500,796325
Gliocladium roseum,56916760,9,7922139,7922139,Complete Genome,GCA_054828895.1,ASM5482889v1,291,29856
Gloeophyllum abietinum,,,,,,,,,
Gloeophyllum odoratum,,,,,,,,,
Halomonas cerina,4168933,55,193435,193435,Scaffold,GCF_014192215.1,ASM1419221v1,360,447424
Halomonas denitrificans,4594123,21,705148,705148,Contig,GCF_020171695.1,ASM2017169v1,218,370769
Halomonas gudaonensis,4166643,48,169689,226928,Scaffold,GCF_900100195.1,IMG-taxon 2617270877 annotated assembly,216,376427
Halomonas maura,4525332,73,147559,293475,Scaffold,GCF_055486395.1,ASM5548639v1,100,117606
Halomonas pacifica,4034591,35,430232,430232,Contig,GCF_028594515.1,ASM2859451v1,100,77098
Gloeophyllum striatum,,,,,,,,,
Gongronella sp.,,,,,,,,,
Gordonia desulfuricans,5549881,253,53400,53400,Contig,GCF_010119475.1,ASM1011947v1,30,89051
Halopseudomonas formosensis,3104641,1,3104641,3104641,Complete Genome,GCA_057175825.1,ASM5717582v1,19,1002526
Halopseudomonas pelagia,4550643,1,4550643,4550643,Complete Genome,GCF_009497895.1,ASM949789v1,12,553151
Halopseudomonas yangmingensis,3141501,49,168739,168739,Scaffold,GCF_900114825.1,IMG-taxon 2663762769 annotated assembly,313,1720063
Hamadaea flava,8842172,52,464002,737403,Scaffold,GCF_042650305.1,ASM4265030v1,118,1742688
Hamadaea sp.,7315750,598,18070,18070,Contig,GCA_013362885.1,ASM1336288v1,13.78,2024425
Exiguobacterium sibiricum,3149821,36,236661,361070,Scaffold,GCF_050270015.1,ASM5027001v1,244.278,340145
Exiguobacterium undae,3212553,1,3212553,3212553,Complete Genome,GCF_058150795.1,ASM5815079v1,699,169177
Halobyssothecium obiones,,,,,,,,,
Inonotus hispidus,36444366,15,3124845,3124845,Contig,GCA_050613525.1,ASM5061352v1,200,40469
Janthinobacterium sp.,5998700,81,116003,116003,Contig,GCF_058505255.1,ASM5850525v1,57.8,1871054
Heterobasidion sp.,,,,,,,,,
Hydropisphaera saulensis,,,,,,,,,
Hymenomonas globosa,,,,,,,,,
Hypocrea sp.,,,,,,,,,
Hypocreales sp.,7945268,3661,3200,4318,Scaffold,GCA_029295655.1,ASM2929565v1,4.76146,1715234
Hypomyces luteovirens,,,,,,,,,
Kocuria palustris,2844461,1,2844461,2844461,Complete Genome,GCF_049354735.1,ASM4935473v1,32.1714,71999
Kocuria sp.,2915205,145,31787,37961,Scaffold,GCF_057234805.1,ASM5723480v1,0.9141,1871328
Kribbella albertanoniae,10336671,29,9913046,9913046,Contig,GCA_054775775.1,ASM5477577v1,420,1266829
Kutzneria sp.,8227223,435,28882,28882,Contig,GCA_036403095.1,ASM3640309v1,,1930788
Microbacterium oleivorans,3151171,1,3151171,3151171,Complete Genome,GCA_977014085.1,Ri3,32,273677
Microbacterium paraoxydans,3539061,282,48868,3539061,Chromosome,GCF_037039405.1,GJ_SRA,30,199592
Microbacterium radiodurans,3268579,1,3268579,3268579,Complete Genome,GCF_054956835.1,ASM5495683v1,89,661398
Microbacterium sp.,2366431,407,7016,7016,Scaffold,GCA_984392525.1,TARA_SAMEA2623985_MAG_00000009,9,51671
Leptobacillium leptobactrum,,,,,,,,,
Leptosphaeria sp.,,,,,,,,,
Leucobacter sp.,2882312,1,2882312,2882312,Complete Genome,GCA_048516985.1,ASM4851698v1,300,1898440
Lactobacillus paracasei,3151054,2,3102303,3102303,Complete Genome,GCF_057978265.1,ASM5797826v1,510,1597
Lactobacillus sp.,2225301,45,99410,99410,Scaffold,GCF_057269355.1,ASM5726935v1,0.9492,1591
Lasionectria martinicensis,,,,,,,,,
Leiotrametes menziesii,35218293,96,664732,664732,Contig,GCA_022606275.1,Tramen1,106.45,2136021
Lentinus tigrinus,39530113,503,274558,846108,Scaffold,GCF_003813185.1,Lenti7_1,96.2,1328758
Limnospira indica,6228153,635,61454,6228153,Chromosome,GCF_014250495.1,ASM1425049v1,6.43,2760438
Linnemannia gamsii,49480766,11203,8145,15258,Scaffold,GCA_016097865.1,UCR_MgamNVP60_1.0,10,64522
Lophiostoma arundinis,,,,,,,,,
Lulwoana uniseptata,58428487,2240,66184,66184,Scaffold,GCA_022664585.2,ASM2266458v2,126,339359
Lentzea albidocapillata,8639486,43,397314,453453,Scaffold,GCF_900176525.1,IMG-taxon 2595698253 annotated assembly,127,40571
Lentzea waywayandensis,10153412,39,475994,627394,Scaffold,GCF_900115955.1,IMG-taxon 2634166311 annotated assembly,84,84724
Lenzites warnieri,,,,,,,,,
Lepista nuda,43493018,2530,65035,265056,Scaffold,GCA_015584075.1,Lepnud1,93.4,64659
Fusarium subglutinans,40785941,344,385761,3903730,Scaffold,GCA_040114075.1,ASM4011407v1,24.14,42677
Fusarium tricinctum,46236445,10,5140998,5140998,Complete Genome,GCA_050859235.1,ASM5085923v1,322.23,61284
Fuscoporia sp.,,,,,,,,,
Haploporus alabamae,,,,,,,,,
Herbihabitans rhizosphaerae,6627535,30,450447,450447,Scaffold,GCF_004216555.1,ASM421655v1,226,1872711
Hericium erinaceus,44816606,104,861890,4435691,Chromosome,GCA_965276415.1,gfHerErin3.1,304,91752
Lichtheimia ramosa,30349585,409,288654,304965,Scaffold,GCA_037042035.1,ASM3704203v1,463,688394
Lichtheimia sp.,,,,,,,,,
Fusarium fujikuroi,43796860,210,621090,738487,Scaffold,GCA_044646505.1,ASM4464650v1,49,5127
Flammulina velutipes,37427120,170,503127,3533511,Chromosome,GCA_945909995.2,gfFlaVelt1.2,255,38945
Fomes meliae,,,,,,,,,
Fomitiporia neotropica,,,,,,,,,
Eupenicillium rubidurum,,,,,,,,,
Eutypa sp.,,,,,,,,,
Eutypella sp.,,,,,,,,,
Exiguobacterium marinum,2806374,1,2806374,2806374,Complete Genome,GCF_028747625.1,ASM2874762v1,100,273528
Malassezia sp.,6457454,1606,4912,4912,Contig,GCA_004026415.1,ASM402641v1,18.5,2011732
Malbranchea cinnamomea,24330608,1855,34253,134895,Scaffold,GCA_041956615.1,Malci1,100,5041
Desulfovibrio desulfuricans,3331362,1,3331362,3331362,Complete Genome,GCF_046603805.1,ASM4660380v1,184.275,876
Diaporthe italiana,,,,,,,,,
Fusarium proliferatum,43804295,12,4372117,4372117,Complete Genome,GCA_058129285.1,ASM5812928v1,188,948311
Fomitopsis pinicola,45982938,2926,64024,104995,Scaffold,GCA_001931775.1,ASM193177v1,127,40483
Fomitopsis sp.,,,,,,,,,
Fusarium avenaceum,42041114,9,4957983,4957983,Complete Genome,GCA_025948275.1,ASM2594827v1,187,40199
Methylobacterium radiotolerans,7032522,3,6401204,6401204,Complete Genome,GCF_054331535.1,ASM5433153v1,122,31998
Meyerozyma caribbica,10355057,54,804122,847748,Scaffold,GCA_003707125.3,ASM370712v3,52.0851,66948
Marinobacter algicola,4216613,7,757010,757010,Contig,GCF_965229945.1,peEutLong1.Marinobacter_algicola_1.1,6,236100
Marinobacter gudaonensis,3839018,11,2894534,2894534,Scaffold,GCF_900115175.1,IMG-taxon 2617270919 annotated assembly,228,375760
Marinobacter sediminum,1763139,540,3510,3510,Contig,GCA_057464185.1,ASM5746418v1,10,256323
Massilia sp.,5110392,104,81477,87262,Scaffold,GCF_046293535.1,ASM4629353v1,12,1882437
Metacordyceps chlamydosporia,53562829,10,6552045,6552045,Complete Genome,GCA_057381195.1,ASM5738119v1,136,280754
Lysinibacillus sphaericus,4537071,1,4537071,4537071,Complete Genome,GCF_050908535.1,ASM5090853v1,308,1421
Microbispora,7872740,1,7872740,7872740,Complete Genome,GCF_055397685.1,ASM5539768v1,600,1460882
Microbispora catharanthi,9251614,69,276004,276004,Contig,GCF_006334915.2,ASM633491v2,300,1712871
Microbispora oryzae,7464125,68,309847,309847,Contig,GCF_017896165.1,ASM1789616v1,90,2806554
Microbispora rosea,8767246,1,8767246,8767246,Complete Genome,GCF_050942375.1,MDNA_WGS_309_assembly,70,58117
Metarhizium anisopliae,39517134,1348,120449,141388,Scaffold,GCA_054274275.1,ASM5427427v1,139.549,5530
Metarhizium marquandii,42805715,8,7303840,7303840,Complete Genome,GCA_048569445.1,ASM4856944v1,214,64636
Metarhizium robertsii,42768942,41,4406720,4406720,Chromosome,GCA_037177755.1,ASM3717775v1,160,568076
Methylobacterium fujisawaense,6037268,1,6037268,6037268,Complete Genome,GCF_049913165.1,ASM4991316v1,70,107400
Niallia circulans,5115102,79,137292,137292,Contig,GCF_056897495.1,ASM5689749v1,296,1397
Nocardia asteroides,7278088,54,260336,413550,Scaffold,GCF_053605005.1,ASM5360500v1,134.648,1824
Nocardia farcinica,6313751,3,6133643,6133643,Complete Genome,GCF_038244785.1,ASM3824478v1,280,37329
Nocardioidaceae bacterium,2847413,615,6153,6881,Scaffold,GCA_980580655.1,SBL_JL2023_coco_bin.5.orig,28,1871072
Nocardioides marinus,3550526,510,9679,9820,Scaffold,GCF_977317215.1,MarMAG_085616,11887,374514
Nocardioides zeae,4294349,1,4294349,4294349,Complete Genome,GCF_977013815.1,S71,77,1457234
Neosartorya fischeri,31377515,252,1240190,2929192,Scaffold,GCF_000149645.3,ASM14964v4,,331117
Neosetophoma poaceicola,,,,,,,,,
Micromonospora echinospora,7159739,1,7159739,7159739,Complete Genome,GCA_050507505.1,ASM5050750v1,170,1877
Micromonospora lutea,6094099,62,229010,229010,Contig,GCF_016863535.1,ASM1686353v1,102,419825
Micromonospora qiuiae,6763409,211,69856,69856,Contig,GCF_016863555.1,ASM1686355v1,113,502268
Micromonospora rifamycinica,6999233,1,6999233,6999233,Complete Genome,GCF_036227385.1,ASM3622738v1,35,291594
Microbispora rosea subsp. Aerata,6884475,119,156233,169173,Scaffold,GCF_014647835.1,ASM1464783v1,109,147065
Microbispora triticiradicis,8152858,55,522958,522958,Scaffold,GCF_005864065.1,ASM586406v1,275,2200763
Micrococcus lylae,2685567,1,2685567,2685567,Complete Genome,GCF_002871575.2,ASM287157v2,253,1273
Micrococcus mucilaginosus,2246281,1,2246281,2246281,Complete Genome,GCF_049990865.1,ASM4999086v1,12,43675
Micromonospora saelicesensis,7288067,1,7288067,7288067,Complete Genome,GCF_050947975.1,MDNA_WGS_240_assembly,41,285676
Micromonospora taraxaci,7178456,29,513414,777891,Scaffold,GCF_055668165.1,ASM5566816v1,196.906,1316803
Micromonospora viridifaciens,7073985,1,7073885,7073985,Chromosome,GCF_900091545.1,IMG-taxon 2636416073 annotated assembly,456,1881
Microporus sp.,,,,,,,,,
Moesziomyces antarcticus,18696573,26,739915,739915,Complete Genome,GCA_031214725.1,ASM3121472v1,128,84753
Micromonospora acroterricola,6509818,369,30943,30943,Contig,GCF_003172955.1,ASM317295v1,37,2202421
Micromonospora carbonacea,7425022,1,7425022,7425022,Complete Genome,GCF_050953745.1,MDNA_WGS_003_assembly,208,47853
Micromonospora craterilacus,7306627,609,23584,23584,Contig,GCF_003236315.1,ASM323631v1,30,1655439
Marasmiellus ramealis,,,,,,,,,
Marasmius oreades,44108509,11,4053253,4053253,Complete Genome,GCA_025815895.1,ASM2581589v1,1140,181124
Monascus sp.,,,,,,,,,
Monocillium mucidum,,,,,,,,,
Morinia sp.,,,,,,,,,
Moritella sp.,4220855,712,7799,8717,Scaffold,GCF_982684665.1,BOEU19-1_SAMN09710612_MAG_00000004,7,78556
Mortierella alpina,35928966,2262,89898,95995,Scaffold,GCA_019788775.1,ASM1978877v1,54,64518
Mortierella lignicola,35304070,6405,10877,19168,Scaffold,GCA_015500005.1,UCR_HligNRRL2525_1.0,16,979712
Enterobacter asburiae,4565988,1,4565988,4565988,Complete Genome,GCF_055797035.1,ASM5579703v1,110,61645
Enterobacter hormaechei subsp. Xiangfangensis,5194551,2,4711483,4711483,Complete Genome,GCF_056739525.1,ASM5673952v1,100,1296536
Enterobacter ludwigii,4799291,2,4687065,4687065,Complete Genome,GCF_055796525.1,ASM5579652v1,144,299767
Dichomitus squalens,39597219,1234,113339,216640,Scaffold,GCA_004307905.1,Dicsqu464_1,93,114155
Dichostereum effuscatum,,,,,,,,,
Didymella pinodella,34414201,16,2342718,2342718,Complete Genome,GCA_039634465.1,ASM3963446v1,200,749633
Didymella sp.,,,,,,,,,
Diutina rugosa,13879194,6,3287708,3287708,Complete Genome,GCA_965362145.1,DIRU0,123,5481
Enterovibrio sp.,4194038,393,13635,14342,Scaffold,GCA_042096095.1,ASM4209609v1,5.63088,1902814
Epicoccum dendrobii,,,,,,,,,
Epicoccum duchesneae,,,,,,,,,
Epicoccum sorghinum,32756074,23,1661624,1661624,Chromosome,GCA_040893085.1,ASM4089308v1,285.2,749593
Epicoccum tritici,,,,,,,,,
Escherichia coli,5738134,8,5060014,5060014,Complete Genome,GCF_058436375.1,ASM5843637v1,100,562
Embarria clematidis,,,,,,,,,
Enterobacter agglomerans,4098546,1,4098546,4098546,Complete Genome,GCF_051136215.1,ASM5113621v1,169,549
Neocamarosporium sp.,,,,,,,,,
Neodidymelliopsis longicolla,,,,,,,,,
Neodidymelliopsis sp.,,,,,,,,,
Mucor circinelloides,36247872,7826,45002,47632,Scaffold,GCA_057380895.1,ASM5738089v1,100,36080
Murilentithecium clematidis,,,,,,,,,
Mycena galericulata,104986843,491,925053,8612780,Chromosome,GCA_965250825.1,gfMycGale1.hap1.1,170,71905
Coniochaeta hoffmannii,35452655,179,669191,778487,Scaffold,GCA_051380495.1,ASM5138049v1,121,91930
Coniochaeta sp.,,,,,,,,,
Neosetophoma rosigena,,,,,,,,,
Neosetophoma sp.,,,,,,,,,
Nesiotobacter exalbescens,,,,,,,,,
Nia vibrissa,,,,,,,,,
Mycosphaerella lateris,,,,,,,,,
Myrothecium gramineum,,,,,,,,,
Neisseria sp.,2240686,169,21804,35124,Scaffold,GCF_984521355.1,ZHAO22-1_SAMN09979600_MAG_00000010,62,192066
Neocamarosporium solicola,,,,,,,,,
Novosphingobium sp.,4108413,1,4108413,4108413,Complete Genome,GCF_965228995.1,piParBurs1.Novosphingobium_sp_1.1,38,1874826
Ochrobactrum intermedium,4809595,2,2790106,2790106,Complete Genome,GCF_048398275.1,ASM4839827v1,397,94625
Penicillium janthinellum,33094021,1085,98920,108185,Scaffold,GCA_023626475.1,ASM2362647v1,395,5079
Penicillium pinophilum,36523260,21,3280491,3280491,Contig,GCA_048181935.1,ASM4818193v1,60,128442
Penicillium polonicum,33750493,5,9523896,9523896,Chromosome,GCA_034423695.1,ASM3442369v1,336,60169
Penicillium restrictum,,,,,,,,,
Penicillium crustosum,32366270,5,9296713,9296713,Complete Genome,GCA_054966605.1,ASM5496660v1,94.78,36656
Penicillium daleae,39685110,11,4752356,4752356,Contig,GCF_028827525.1,ASM2882752v1,44,63821
Ophiosimulans tanaceti,,,,,,,,,
Oscillatoria subbrevis,,,,,,,,,
Paecilomyces lilacinus,38846536,755,225678,323901,Scaffold,GCA_054134455.1,Purpureocillium_lilacinum_Ento1_v1,217,33203
Nocardiopsis sp.,6006827,336,32415,32415,Contig,GCA_052039365.1,ASM5203936v1,1.43936,310350
Nodulosphaeria multiseptata,,,,,,,,,
Nonomuraea fastidiosa,9073345,1,9073345,9073345,Complete Genome,GCF_042751225.1,Nonomuraea fastidiosa KACC16795,181,46173
Nonomuraea terrinata,,,,,,,,,
Nothophoma quercina,34358614,181,833360,833360,Scaffold,GCA_021642125.2,ASM2164212v2,227.5,749835
Paractinoplanes rishiriensis,,,,,,,,,
Paractinoplanes tereljensis,10834450,2,10830113,10830113,Contig,GCF_040544535.1,ASM4054453v1,2925,571912
Paradendryphiella arenariae,,,,,,,,,
Paenibacillus macerans,7047810,139,99754,99754,Scaffold,GCF_965139965.1,CIP110636,87,44252
Paenibacillus urinalis,5861041,4,5443404,5443404,Complete Genome,GCF_028747985.1,ASM2874798v1,54,521520
Panaeolus sphinctrinus,,,,,,,,,
Paracoccus aminophilus,4873118,6,3613807,3613807,Complete Genome,GCF_000444995.1,ASM44499v1,,1367847
Ochrobactrum oryzae,,,,,,,,,
Dermacpccis sp.,,,,,,,,,
Mycena sanguinolenta,115408990,198,1158902,1158902,Contig,GCA_029203985.1,Mycsan1,75.82,230812
Mycobacterium sp.,,,,,,,,,
Mycosphaerella arachidis,33245410,796,164332,241709,Scaffold,GCA_001297265.1,ASM129726v1,100,143450
Paracoccus sp.,,,,,,,,,
Paractinoplanes deccanensis,10686093,169,126204,165706,Scaffold,GCF_042649385.1,ASM4264938v1,37,113561
Paractinoplanes durhamensis,10602533,303,125378,208688,Scaffold,GCF_039533645.1,ASM3953364v1,46,113563
Paractinoplanes polyasparticus,10686494,129,203870,203870,Contig,GCF_019710575.1,ASM1971057v1,200,2856853
Curvularia senegalensis,,,,,,,,,
Coprinopsis lagopus,,,,,,,,,
Cordyceps confragosa,33007715,315,267673,785277,Scaffold,GCA_054134475.1,Lecanicillium_lecanii_V198499_v1,320,2714763
Cosmospora sp.,,,,,,,,,
Colletotrichum theobromicola,56137359,325,395011,544046,Scaffold,GCA_057627875.1,ASM5762787v1,124.694,912112
Collimonas arenae,4709377,1,4709377,4709377,Complete Genome,GCF_001584205.1,ASM158420v1,,279058
Collimonas pratensis,5585899,1,5585899,5585899,Complete Genome,GCF_001584225.1,ASM158422v1,,279113
Parathyridaria sp.,,,,,,,,,
Dactylosporangium aurantiacum,11523879,1,11523879,11523879,Complete Genome,GCF_025264705.1,ASM2526470v1,82,35754
Dactylosporangium matsuzakiense,11862299,110,266320,294566,Scaffold,GCF_042428735.1,ASM4242873v1,100,53362
Dactylosporangium siamense,12822827,258,140676,286043,Scaffold,GCF_042650485.1,ASM4265048v1,100,685454
Dactylosporangium sp.,9419290,470,34531,34531,Contig,GCA_035493375.1,ASM3549337v1,,60453
Dactylosporangium sucinum,12039128,156,171403,175199,Scaffold,GCF_042430585.1,ASM4243058v1,100,1424081
Dactylosporangium vinaceum,11862299,110,266320,294566,Scaffold,GCF_042428735.1,ASM4242873v1,100,53362
Cunninghamella sp.,,,,,,,,,
Curvularia protuberata,,,,,,,,,
Penicillium aurantiogriseum,32629097,5,9159201,9159201,Contig,GCA_019977855.1,ASM1997785v1,139,36655
Penicillium chermesinum,27581382,10,4118209,4118209,Contig,GCF_028974085.1,ASM2897408v1,30,63820
Paraglaciecola sp.,4610583,918,9106,9966,Scaffold,GCA_984380615.1,TARA_SAMEA2621583_MAG_00000048,16,1920173
Parasarocladium sp.,,,,,,,,,
Cladosporium asperulatum,30993313,25,1907717,1928744,Scaffold,GCA_052324025.1,ASM5232402v1,274,887085
Cladosporium basi-inflatum,,,,,,,,,
Cyathus pallidus,,,,,,,,,
Cytospora ceratosperma,,,,,,,,,
Penicillium echinulatum,,,,,,,,,
Penicillium glabrum,34082500,438,703988,740274,Scaffold,GCA_037040985.1,ASM3704098v1,259,69773
Penicillium granulatum,,,,,,,,,
Penicillium griseofulvum,29236174,43,7310305,7310305,Contig,GCA_047426335.1,ASM4742633v1,150.3,5078
Peethambara spirostriata,,,,,,,,,
Pelobacter venetianus,,,,,,,,,
Pelosinus fermentans,5217081,71,125575,133099,Scaffold,GCA_032079965.1,ASM3207996v1,14.5,365349
Penicillium adametzii,,,,,,,,,
Cladosporium xanthochromaticum,30948702,152,1427217,1436721,Scaffold,GCA_052324065.1,ASM5232406v1,257,1970641
Cladosporium xylophilum,,,,,,,,,
Clonostachys buxi,,,,,,,,,
Clonostachys pnagiana,,,,,,,,,
Cladosporium funiculosum,,,,,,,,,
Cladosporium montecillanum,,,,,,,,,
Cladosporium perangustum,,,,,,,,,
Cladosporium ramotenellum,28766105,71,1092604,1239040,Scaffold,GCA_052324005.1,ASM5232400v1,269,470174
Phellinus robustus,,,,,,,,,
Penicillium variabile,33780117,25,2127226,5544665,Scaffold,GCA_040333175.1,ASM4033317v1,664,28576
Perenniporia martia,,,,,,,,,
Burkholderia vietnamiensis,7087161,4,2366034,2366034,Complete Genome,GCF_053153985.1,ASM5315398v1,157.53,60552
Clonostachys sp.,,,,,,,,,
Clostridium hathewayi,,,,,,,,,
Cobetia sp.,3269562,609,7610,21572,Scaffold,GCF_983723665.1,TARA_SAMEA2623390_MAG_00000184,32,1873876
Cochliobolus sp.,,,,,,,,,
Phlebia radiata,,,,,,,,,
Phormidium lucidum,,,,,,,,,
Photobacterium ganghwense,5532899,6,2859958,2859958,Complete Genome,GCF_965140425.1,piPlaSpeb1.Photobacterium_ganghwense_1.1,9,320778
Photorhabdus luminescens,5293870,82,157553,195101,Scaffold,GCF_963899335.1,ena-yuan-GCF_900102985.1,95,29488
Phaeophleospora eucalypticola,31578827,76,1352029,1618982,Scaffold,GCA_022814565.1,ASM2281456v1,80,1871380
Phaeosphaeria oryzae,,,,,,,,,
Phaeosphaeria spartinicola,,,,,,,,,
Phellinus apiahynus,,,,,,,,,
Phytohabitans aurantiacus,10322360,162,135121,142157,Scaffold,GCF_027923225.1,ASM2792322v1,124,3016789
Phytohabitans houttuyneae,11313041,177,220804,220804,Scaffold,GCF_039541615.1,ASM3954161v1,28,1076126
Phytohabitans rumicis,10678946,126,216496,237247,Scaffold,GCF_039543085.1,ASM3954308v1,54,1076125
Picochlorum maculatum,,,,,,,,,
Piptoporus betulinus,42863829,251,290402,290402,Contig,GCA_022606075.1,Pipbet1_1,79.28,40450
Piscinibacter gummiphilus,,,,,,,,,
Plantactinospora alkalitolerans,9219182,441,31205,31205,Contig,GCF_015690345.1,ASM1569034v1,20,2789879
Plantactinospora endophytica,9791838,276,193315,193315,Scaffold,GCF_042676965.1,ASM4267696v1,45,673535
Pseudomonas stutzeri,,,,,,,,,
Pseudomonas subflava,4435705,31,478085,478085,Contig,GCF_023823685.1,ASM2382368v1,57,2952933
Pseudomonas syringae,6047132,1,6047032,6047132,Chromosome,GCF_057529185.1,ASM5752918v1,29,321
Pseudomonas tuomurensis,,,,,,,,,
Pseudomonas otitidis,6050884,1,6050884,6050884,Complete Genome,GCF_039718995.1,ASM3971899v1,50,319939
Pseudomonas pachastrellae,3391294,570,8065,8130,Scaffold,GCA_977237355.1,MarMAG_023580,11630,254161
Pseudomonas plecoglossicida,5469817,1,5469817,5469817,Complete Genome,GCF_057418925.1,ASM5741892v1,2048.51,70775
Pseudomonas mandelii,6579306,1,6579306,6579306,Complete Genome,GCF_977010615.1,P_22,74,75612
Porodaedalea pini,53346927,220,569242,569242,Contig,GCA_002794775.1,PPIT.v3,189,108901
Priestia aryabhattai,5401194,4,5198901,5198901,Complete Genome,GCF_056668325.1,ASM5666832v1,100,412384
Promicromonospora panici,6575792,56,245318,245318,Contig,GCF_900608595.1,Promicromonospora sp PT9,457,2219658
Pleospora leptosphaerulinoides,,,,,,,,,
Pleurostoma richardsiae,39834950,270,604211,691216,Scaffold,GCA_030052745.1,ASM3005274v1,202,41990
Pleurotus pulmonarius,40306054,12,3332494,3332494,Complete Genome,GCA_057657895.1,ASM5765789v1,89,28995
Podospora anserina,35957240,9,4930829,4930829,Chromosome,GCA_017654855.1,PaWa137m,49.924,2587412
Pseudomonas rhodesiae,6235282,1,6235282,6235282,Complete Genome,GCF_052922495.1,ASM5292249v1,73,76760
Pseudomonas amygdali,6789600,7,6355059,6355059,Complete Genome,GCF_056867685.1,ASM5686768v1,180,251720
Pseudomonas azotoformans,6775621,323,45638,45638,Contig,GCF_054071735.1,ASM5407173v1,68.7116,47878
Pseudomonas beteli,,,,,,,,,
Propionispora sp.,,,,,,,,,
Proteus vulgaris,3977680,2,3974306,3974306,Complete Genome,GCF_051216085.1,ASM5121608v1,432,585
Pseudoalteromonas lipolytica,4507022,2,3607764,3607764,Complete Genome,GCF_049177175.1,ASM4917717v1,104.56,570156
Polyporus arcularius,43452342,2601,48819,48819,Scaffold,GCA_004369055.1,Polar1,118,1314778
Polyporus tuberaster,,,,,,,,,
Cladosporium rectoides,31447492,19,2148380,2148380,Contig,GCA_046128805.1,ASM4612880v1,180,887101
Citrobacter freundii,5152322,1,5152322,5152322,Complete Genome,GCF_052657505.1,ASM5265750v1,1,546
Citrobacter sedlakii,5142914,70,575698,575698,Contig,GCA_058367535.1,PDT002599056.1,51,67826
Cladosporium allicinum,30717075,22,1818401,1818401,Contig,GCA_052576325.1,ASM5257632v1,54,1338630
Cladosporium antropophilum,,,,,,,,,
Pestalotiopsis microspora,50315141,7,7172926,7172926,Complete Genome,GCA_041412015.1,ASM4141201v1,172.5,85828
Pestalotiopsis thailandica,,,,,,,,,
Pseudomassariosphaeria bromicola,,,,,,,,,
Catellatospora bangladeshensis,6838199,290,42687,46684,Scaffold,GCF_039528035.1,ASM3952803v1,62,310355
Catellatospora methionotrophica,8716030,213,73834,116173,Scaffold,GCF_040655015.1,ASM4065501v1,31.1684,121620
Cellulomonas iranensis,3981479,1,3981479,3981479,Complete Genome,GCF_055397555.1,ASM5539755v1,17,76862
Burkholderia aenigmatica,8909914,9,3399615,3399615,Complete Genome,GCF_048627025.1,ASM4862702v1,282,2015348
Burkholderia ambifaria,7467149,3,2774643,2774643,Complete Genome,GCF_049913365.1,ASM4991336v1,22,152480
Burkholderia gladioli,8619391,8,3851263,3851263,Complete Genome,GCF_058448765.1,ASM5844876v1,62,28095
Pseudomonas indica,5896758,270,101675,101675,Scaffold,GCF_018860195.1,ASM1886019v1,38,137658
Rheinheimera sp.,3899075,100,94119,99163,Scaffold,GCF_982873885.1,HABI22-1_SAMN26919637_MAG_00000036,24,1869214
Chaetomium sp.,,,,,,,,,
Chaetopsina pnagiana,,,,,,,,,
Chitinimonas sp.,3879128,818,6160,7565,Scaffold,GCA_041914545.1,ASM4191454v1,6.73524,1934313
Caldimonas taiwanensis,3448805,98,187947,187947,Contig,GCF_001592165.1,ASM159216v1,166,1349753
Calonectria pseudonaviculata,53981834,2390,52534,63681,Scaffold,GCA_020623675.1,ASM2062367v1,61,196064
Candida antarctica,18696573,26,739915,739915,Complete Genome,GCA_031214725.1,ASM3121472v1,128,84753
Candida rugosa,,,,,,,,,
Candidatus bathyarchaeota,664989,1,664989,664989,Complete Genome,GCA_963708215.1,MFD01476.bin.2.96,15,2026714
Chloroidium saccharophilum,86702466,82,1384517,1384517,Scaffold,GCA_047655145.1,ASM4765514v1,30,3082
Chrysebacterium nepalense,,,,,,,,,
Chryseobacterium sp.,1974679,1,1974679,1974679,Complete Genome,GCA_057176345.1,ASM5717634v1,64,1871047
Chryseomonas luteola,5536420,5,4257560,4257560,Complete Genome,GCF_051028725.1,ASM5102872v1,200,47886
Chrysonectria finisterensis,,,,,,,,,
Chrysosporium sp.,,,,,,,,,
Citrobacter amalonaticus,4795544,2,4755750,4755750,Complete Genome,GCF_044537545.1,ASM4453754v2,100,35703
Ceriporiopsis gilvescens,,,,,,,,,
Pseudomonas monteilii,5640569,1,5640569,5640569,Complete Genome,GCF_050990055.1,ASM5099005v1,200,76759
Pseudomonas multiresinivorans,6517592,1,6517592,6517592,Complete Genome,GCF_012971725.1,ASM1297172v1,334,95301
Pseudomonas nitroreducens,7079669,3,6443173,6443173,Complete Genome,GCF_050211585.1,ASM5021158v1,51.6,46680
Pseudomonas capeferrum,5854399,168,88215,88215,Contig,GCF_058245775.1,ASM5824577v1,100,1495066
Pseudomonas fluvialis,3117405,47,106637,106637,Scaffold,GCF_041905505.1,ASM4190550v1,27.5977,1793966
Bacillus thermoruber,4433503,25,413785,596854,Scaffold,GCF_000454065.1,ASM45406v1,150,1346613
Bacillus thioparans,4655501,36,267591,267591,Scaffold,GCF_965138835.1,CIP109765T,190,370439
Chitinophaga jiangningensis,7182135,25,635715,635715,Contig,GCF_900142605.1,IMG-taxon 2700988700 annotated assembly,135,1419482
Brucella tritici,4788614,61,124410,124410,Contig,GCF_050726115.1,ASM5072611v1,46,94626
Bordetella petrii,,,,,,,,,
Botryosphaeria dothidea,45122761,657,286094,301759,Scaffold,GCA_021436945.2,ASM2143694v2,136.6,55169
Botrytis sp.,,,,,,,,,
Bacteroides sp.,3163709,96,55633,55633,Contig,GCF_984796365.1,MGYG000044407,5,29523
Bdellovibrio bacteriovorus,4085572,1,4085572,4085572,Complete Genome,GCF_041900585.1,ASM4190058v1,6,959
Bifidobacterium infantis,,,,,,,,,
Bacillus stearothermophilus,3555170,1,3555170,3555170,Complete Genome,GCA_982319185.1,CS7089_v1,116,1422
Pseudonocardia sp.,5714379,212,49923,49923,Contig,GCF_056340235.1,ASM5634023v1,68.22,60912
Bacillus altitudinis,4013721,6,3963304,3963304,Complete Genome,GCF_058449355.1,ASM5844935v1,33,293387
Bacillus aquimaris,4547125,2,4493139,4493139,Complete Genome,GCF_057815895.1,ASM5781589v1,100,189382
Brevibacillus reuszeri,6983681,114,274913,299405,Scaffold,GCF_055702165.1,ASM5570216v1,169.55,54915
Brevibacterium sp.,3513258,158,43627,50300,Scaffold,GCF_052105255.1,ASM5210525v1,66,1701
Brevundimonas diminuta,3418625,1,3418525,3418625,Chromosome,GCF_050995265.1,ASM5099526v1,548,293
Brevundimonas vesicularis,2972452,1,2972452,2972452,Complete Genome,GCF_046114465.1,ASM4611446v1,912,41276
Brucella cytisi,5965236,43,327104,327104,Scaffold,GCF_053619275.1,ASM5361927v1,38.143,407152
Pseudozyma sp.,,,,,,,,,
Psychrobacillus sp.,1543621,435,4111,4178,Scaffold,GCA_040274845.1,ASM4027484v1,1,1871623
Psychrobacter cryohalolentis,2803707,107,77201,77201,Scaffold,GCF_977207805.1,MarMAG_017995,16243,330922
Purpureocillium sp.,,,,,,,,,
Pyrenochaetopsis microspora,,,,,,,,,
Pseudomonas vesicularis,2972452,1,2972452,2972452,Complete Genome,GCF_046114465.1,ASM4611446v1,912,41276
Pseudonectria foliicola,28489897,570,128835,281033,Scaffold,GCA_003693505.1,ASM369350v1,55.5,1634538
Pseudonocardia alni,5958953,4,5505396,5505396,Complete Genome,GCF_045159825.1,ASM4515982v1,600,33907
Rhizobium viscosum,7052729,48,456322,632389,Scaffold,GCF_042681245.1,ASM4268124v1,76,1673
Rhizocola hellebori,10769095,207,108165,108165,Contig,GCF_016862955.1,ASM1686295v1,121,1392758
Rhizomucor miehei,22150719,11740,2406,2406,Scaffold,GCA_040807125.1,ASM4080712v1,495,4839
Pyrenochaetopsis paucisetosa,,,,,,,,,
Pyrenochaetopsis sp.,,,,,,,,,
Rahnella aquatilis,5948448,3,5285568,5285568,Complete Genome,GCA_964063365.1,Rahnella_aquatiliss_CIRM-BIA2795,160,34038
Ralstonia eutropha,8371674,4,2805146,2805146,Complete Genome,GCF_056236025.1,ASM5623602v1,659,53482
Rasamsonia argillacea,,,,,,,,,
Aspergillus calidoustus,39874905,370,450822,569221,Scaffold,GCA_022814525.1,ASM2281452v1,80,454130
Bacillus safensis,3702709,1,3702709,3702709,Complete Genome,GCA_051904755.1,ASM5190475v1,384.19,561879
Bacillus smithii,3417591,138,50572,50572,Contig,GCF_050481205.1,ASM5048120v1,30.6379,1479
Bacillus sphericus,,,,,,,,,
Bacillus idriensis,4941620,3,4722034,4722034,Complete Genome,GCF_056173605.1,ASM5617360v1,122.9,324768
Bacillus infantis,5063601,1,5063601,5063601,Complete Genome,GCF_979912685.1,SRL369,652,324767
Bacillus mycoides,5911531,3,5253156,5253156,Complete Genome,GCF_050210445.1,ASM5021044v1,70,1405
Bacillus niacini,5999678,2,5989031,5989031,Complete Genome,GCF_048572935.1,ASM4857293v1,179,86668
Saccharothrix coeruleofusca,7692265,306,47876,304844,Scaffold,GCF_014648515.1,ASM1464851v1,147,33919
Saccharothrix cryophilis,10046113,152,143000,147240,Scaffold,GCF_039533865.1,ASM3953386v1,19,43355
Rhodococcus sovatensis,6015441,1,6015441,6015441,Complete Genome,GCF_037327425.1,ASM3732742v1,228,1805840
Rhodoferax fermentans,4328104,48,160430,160430,Scaffold,GCF_016583655.1,ASM1658365v1,165,28066
Rhodotorula sphaerocarpa,17498718,17,1155053,1155053,Complete Genome,GCA_051805495.1,RsphJCM8202v2,87,86839
Rhizopus oligosporus,26173904,69,1810956,1810956,Contig,GCA_058380205.1,DTU-UU_Roli_1.0,198,4847
Rhodococcus equi,,,,,,,,,
Aspergillus brasiliensis,36963273,974,405051,1968182,Scaffold,GCA_037892995.1,UAEM_Aspbra_1.0,144,319629
Saccharothrix mutabilis,9499721,1,9499721,9499721,Complete Genome,GCF_055378865.1,ASM5537886v1,30,66854
Saccharothrix sp.,9455374,146,118061,125502,Scaffold,GCF_031180885.1,ASM3118088v1,27.1053,1873460
Saccharothrix syringae,10929570,1,10929570,10929570,Complete Genome,GCF_009498035.1,ASM949803v1,436,103733
Saccharothrix texasensis,9178199,1,9178199,9178199,Contig,GCF_003752005.1,ASM375200v1,104,103734
Roussoella scabrispora,,,,,,,,,
Saccharopolyspora flava,6291299,24,453928,505605,Scaffold,GCF_900116135.1,IMG-taxon 2599185150 annotated assembly,156,95161
Saccharopolyspora hirsuta,7402680,65,316176,316176,Scaffold,GCF_042899495.1,ASM4289949v1,234.188,1837
Saccharothrix australiensis,7861373,3,7811991,7811991,Contig,GCF_003634935.1,ASM363493v1,110,2072
Bacillus stratosphericus,3840451,1,3840451,3840451,Complete Genome,GCA_045287315.1,ASM4528731v1,448,293386
Bacillus subterraneus,4786507,1,4786507,4786507,Complete Genome,GCF_020524355.2,ASM2052435v2,289,285983
Bacillus thermoamylovorans,3689695,1,3689695,3689695,Complete Genome,GCA_054188125.1,ASM5418812v1,100,35841
Pseudophaeosphaeria rubi,,,,,,,,,
Pseudoxanthomonas sp.,2825147,1,2825147,2825147,Complete Genome,GCA_057176045.1,ASM5717604v1,20,1871049
Saccharothrix deserti,10832261,173,210934,316706,Scaffold,GCF_009769385.1,ASM976938v1,144,2593674
Saccharothrix espanaensis,9360653,1,9360653,9360653,Complete Genome,GCF_000328705.1,ASM32870v1,,1179773
Saccharothrix longispora,8286323,57,365951,391132,Scaffold,GCF_030852425.1,ASM3085242v1,25.68,33920
Serratia rubidaea,4978521,1,4978521,4978521,Complete Genome,GCF_055388675.1,ASM5538867v1,50,61652
Salmonella sp.,,,,,,,,,
Samsoniella hepiali,34681960,287,474778,2347338,Scaffold,GCA_001455915.2,ASM145591v2,100,797268
Sarocladium kiliense,37625230,51,2236409,2236409,Contig,GCA_030734395.1,ASM3073439v1,247,45277
Amauroderma calcigenum,,,,,,,,,
Amauroderma sp.,,,,,,,,,
Aspergillus tritici,28332896,625,352983,495759,Scaffold,GCA_023619845.1,ASM2361984v1,156,2932460
Aspergillus udagawae,32252303,136,893916,4123300,Scaffold,GCF_001078395.1,Aud_assembly02,90,91492
Sphaerisporangium fuscum,10134050,94,232205,232205,Contig,GCF_018531465.1,ASM1853146v1,100,2835868
Sphaeropsis sapinea,38053143,15,2851318,2851318,Complete Genome,GCA_056582465.1,Dsap_CMW190_1,195,66738
Sclerostagonospora lathyri,,,,,,,,,
Sclerotinia sclerotiorum,38702254,16,2337166,2337166,Chromosome,GCA_039931285.1,ASM3993128v1,39,5180
Sedecimiella taiwanensis,,,,,,,,,
Septoria eucalyptorum,,,,,,,,,
Septoria sp.,,,,,,,,,
Septoriella sp.,,,,,,,,,
Sphingobacterium multivorum,5993506,1,5993506,5993506,Complete Genome,GCF_976989055.1,ASM97698905v1,147,28454
Sphingomonas macrogoltabidus,5953153,3,5380888,5380888,Complete Genome,GCF_001610995.1,ASM161099v1,60,33050
Stagonosporopsis citrulli,,,,,,,,,
Stagonosporopsis dorenboschii,,,,,,,,,
Staphylococcus cohnii,2804055,4,2660875,2660875,Complete Genome,GCF_049943095.1,ASM4994309v1,156,29382
Shewanella putrefaciens,4776803,1,4776803,4776803,Complete Genome,GCF_981560535.1,JBBOAJEJ,251,24
Sistotrema brinkmannii,,,,,,,,,
Solwaraspora sp.,,,,,,,,,
Bacillus pakistanensis,,,,,,,,,
Bacillus paramycoides,5828503,6,5292383,5292383,Complete Genome,GCF_038971285.1,ASM3897128v1,292,2026194
Bacillus atrophaeus,4168266,1,4168266,4168266,Complete Genome,GCF_056632445.1,ASM5663244v1,100,1452
Bacillus brevis,6604668,87,224041,224262,Scaffold,GCF_050466085.1,ASM5046608v1,208.196,1393
Bacillus firmus,5411308,2,5035321,5035321,Complete Genome,GCF_044793645.1,ASM4479364v1,240,1399
Bacillus hwajinpoensis,4431383,3,4060521,4060521,Complete Genome,GCF_039851965.1,ASM3985196v1,177,208199
Aureobasidium melanogenum,25433575,38,1288132,2055162,Scaffold,GCA_054643255.1,ASM5464325v1,99.5,46634
Aureobasidium namibiae,25428601,55,1053184,1074982,Scaffold,GCF_000721765.1,Aureobasidium pullulans var. namibiae CBS 147.97 v1.0,138.7,1043004
Aquabacterium parvum,1221843,235,5742,5742,Contig,GCA_020053955.1,ASM2005395v1,,70584
Aquabacterium sp.,3748319,488,10658,10717,Scaffold,GCF_984400135.1,TARA_SAMEA2623035_MAG_00000003,9,1872578
Arthrinium sp.,,,,,,,,,
Amycolatopsis thailandensis,9216007,59,338418,491968,Scaffold,GCF_044456345.1,ASM4445634v1,235.216,589330
Amylosporus sp.,,,,,,,,,
Amphora sp.,,,,,,,,,
Alternaria solani,32779142,10,2866555,2866555,Complete Genome,GCA_002952155.1,ASM295215v1,150,48100
Alternaria tenuissima,33681665,228,730235,1434180,Scaffold,GCA_017589455.1,ASM1758945v1,31.43,119927
Staphylococcus xylosus,2833165,4,2775162,2775162,Complete Genome,GCF_052568865.1,ASM5256886v1,745,1288
Staphylocuccus aureus,,,,,,,,,
Stemphylium lucomagnoense,,,,,,,,,
Stemphylium lycopersici,34868559,865,136113,188994,Scaffold,GCA_003268335.2,ASM326833v2,41,183478
Aestuariibacter halophilus,4032098,19,511711,596101,Scaffold,GCF_020687825.1,ASM2068782v1,69.7,226011
Anoxybacillus sp.,2460634,254,15183,15484,Scaffold,GCF_036834105.1,ASM3683410v1,10,1872573
Apiospora marii,50281590,25,3348614,3348614,Contig,GCA_038362885.1,ASM3836288v1,68,335849
Apiospora rasikravindrae,46430374,15,5079597,5079597,Contig,GCA_038363885.1,ASM3836388v1,35,990691
Streptoalloteichus hindustanus,7279383,33,644701,644701,Contig,GCF_900129375.1,IMG-taxon 2695420942 annotated assembly,112,2017
Streptococcus equi,2022303,49,81459,98129,Scaffold,GCF_057736455.1,ASM5773645v1,467,40041
Streptococcus mitior,,,,,,,,,
Streptomyces albogriseolus,7641904,1,7641904,7641904,Complete Genome,GCA_046529265.1,ASM4652926v1,91,1887
Streptomyces albovinaceus,7237318,667,22344,23195,Scaffold,GCF_002154385.1,ASM215438v1,100,66867
Stenotrophomonas rhizophila,4691784,1,4691784,4691784,Complete Genome,GCF_977007185.1,ASM97700718v1,128,216778
Stereum sp.,,,,,,,,,
Sterigmatomyces halophilus,,,,,,,,,
Aspergillus nomiae,37492286,845,610276,621240,Scaffold,GCA_029962645.1,ASM2996264v1,125,41061
Aspergillus ochraceus,35145228,251,437581,1168587,Scaffold,GCA_026108165.1,ASM2610816v1,97,40380
Aspergillus penicillioides,,,,,,,,,
Aspergillus japonicus,36074648,803,189159,362590,Scaffold,GCA_023625335.1,ASM2362533v1,249,34381
Aspergillus keveii,41415647,660,181124,196761,Scaffold,GCA_044089335.1,Aspkev1,70.8,714993
Arthrographis kalrae,,,,,,,,,
Asanoa hainanensis,8644972,52,312289,337587,Scaffold,GCF_900188485.1,IMG-taxon 2675903059 annotated assembly,91,560556
Streptomyces bangladeshensis,8932251,122,271198,296948,Scaffold,GCF_039530525.1,ASM3953052v1,23,295352
Verrucosispora sp.,,,,,,,,,
Verticillium dahliae,38513003,130,3754928,4182892,Chromosome,GCA_058369775.1,ASM5836977v1,100,27337
Trichothecium sp.,,,,,,,,,
Tritirachium album,,,,,,,,,
Ulocladium sp.,,,,,,,,,
Acidovorax facilis,5809211,3,5493086,5493086,Complete Genome,GCF_050627005.1,36a20_bc2059,40,12917
Acidovorax soli,5829162,521,17563,17563,Contig,GCA_966211195.1,SRR18156187_metabat2_8,15,592050
Trametes polyzona,36629716,8247,36017,63390,Scaffold,GCA_001939255.1,ASM193925v1,100,239206
Vibrio coralliilyticus,5777417,3,3413993,3413993,Complete Genome,GCF_057439875.1,ASM5743987v1,148,190893
Vibrio furnisii,,,,,,,,,
Vibrio proteolyticus,4814227,2,3242352,3242352,Complete Genome,GCF_053890595.1,ASM5389059v1,137,671
Vibrio sp.,4767216,184,67239,68400,Scaffold,GCF_984391705.1,TARA_SAMEA2622744_MAG_00000050,42,678
Virgibacillus halodenitrificans,4014983,1,4014983,4014983,Complete Genome,GCF_030122745.1,ASM3012274v1,1,1482
Westerdykella dispersa,29391456,123,727844,7963268,Scaffold,GCA_040333465.2,ASM4033346v2,148,45154
Vagicola chlamydospora,,,,,,,,,
Verrucosispora sioxanthis,6241087,35,654304,654304,Contig,GCA_018912195.1,ASM1891219v1,30.2,2848646
Actinomycetota bacterium,2676638,1,2676638,2676638,Complete Genome,GCA_977878805.1,MFD04830-2B.bin.2.647,10,2900548
Actinoplanes sp. DH11,9255878,247,242991,242991,Contig,GCF_020873875.1,ASM2087387v1,36,2857011
Streptomyces polychromogenes,8551204,50,587653,587653,Contig,GCF_039521165.1,ASM3952116v1,59,67342
Xerula longipes,,,,,,,,,
Xylaria adscendens,,,,,,,,,
Xylaria comosoides,,,,,,,,,
Xylaria telfairii,46917078,1120,157344,197505,Scaffold,GCA_022495065.1,Xyltel121673_1,82.8458,477509
Achromobacter denitrificans,7355729,1,7355729,7355729,Complete Genome,GCF_039565655.1,ASM3956565v1,100,32002
Alicycliphilus sp.,3194140,485,10038,10703,Scaffold,GCA_035446385.1,ASM3544638v1,,1872437
Aliiglaciecola lipolytica,5030362,59,191303,290114,Scaffold,GCF_018860635.1,ASM1886063v1,141.98,477689
Agaricus subrufescens,44662661,72,1854625,3166853,Chromosome,GCA_029945375.1,Asub-V01,320,87252
Agaricus xanthodermus,,,,,,,,,
Agrocybe aegerita,40495671,1346,88153,88185,Scaffold,GCA_977927295.1,LGAM960_genome,125,1973307
Agrocybe dura,,,,,,,,,
Agrocybe praecox,59328098,508,522667,3782526,Chromosome,GCA_964017145.1,gfAgrPrae1.1,217,71668
Agrocybe sp.,,,,,,,,,
Ketobacter alkanivorans,4914503,1,4914503,4914503,Complete Genome,GCF_002863865.1,ASM286386v1,159,1917421
Kibdelosporangium banguiense,12808207,1,12808207,12808207,Contig,GCF_017876405.1,ASM1787640v1,75,1365924
Kineococcus sp.,4650721,1194,4735,5308,Scaffold,GCA_980580475.1,SBL_JL2023_coco_bin.17.orig,21,1871184
Kitasatospora phosalacinea,8134182,217,70399,80918,Scaffold,GCF_042746525.1,ASM4274652v1,23.8494,2065
Klebsiella grimontii,5592042,1,5592042,5592042,Complete Genome,GCF_977005005.1,ASM97700500v1,138,2058152
Klebsiella pneumonia,,,,,,,,,
Hypoxylon fendleri,,,,,,,,,
Inonotus circinatus,,,,,,,,,
Acremonium flavum,,,,,,,,,
Actinokineospora alba,7268999,39,443362,459173,Scaffold,GCF_900104505.1,IMG-taxon 2651870121 annotated assembly,99,504798
Acinetobacter gerneri,,,,,,,,,
Acinetobacter johnsonii,3798074,4,3623858,3623858,Complete Genome,GCF_050157305.1,ASM5015730v1,19,40214
Acinetobacter oleivorans,4129665,1,4129665,4129665,Complete Genome,GCF_051989105.1,ASM5198910v1,747,1148157
Achromobacter sp.,6369233,347,35075,63971,Scaffold,GCF_057314935.1,ASM5731493v1,0.9806,134375
Geobacillus thermoleovorans,3587908,1,3587808,3587908,Chromosome,GCF_043524285.1,ASM4352428v1,203.2,33941
Geomyces pannorum,30534672,656,207300,266187,Scaffold,GCA_001630605.1,ASM163060v1,77,79858
Thermoactinomyces vulgaris,2765203,26,617651,621016,Scaffold,GCF_042680225.1,ASM4268022v1,229,2026
Undibacterium pigrum,6407125,52,382140,393311,Scaffold,GCF_003201815.1,ASM320181v1,219,401470
Actinokineospora xionganensis,6813329,70,325226,325226,Contig,GCF_014323725.1,ASM1432372v1,218.39,2684470
Actinomadura atramentaria,6710579,48,320093,422996,Scaffold,GCF_000381885.1,ASM38188v1,,1120936
Actinomadura physcomitrii,9999585,153,130575,197814,Scaffold,GCF_008923205.2,ASM892320v2,100,2650748
Actinomadura rayongensis,6870353,48,291857,400631,Scaffold,GCF_042431945.1,ASM4243194v1,49,1429076
Acinetobacter seifertii,3852064,1,3852064,3852064,Complete Genome,GCF_052661065.1,ASM5266106v1,1.1,1530123
Acinetobacter ursingii,3688176,6,3501976,3501976,Complete Genome,GCF_041501495.1,Acinetobacter ursingii strain E5131942 complete genome sequence,15693,108980
Trametes sp.,,,,,,,,,
Trichaptum biforme,50649296,24,3507752,3909194,Chromosome,GCA_040954535.1,ASM4095453v1,118,50381
Trichaptum byssogenum,,,,,,,,,
Thermoleophilaceae bacterium,2142584,431,6941,9846,Scaffold,GCA_980280865.1,CTOTU22088,4415,2732252
Thermomyces dupontii,19833760,54,948854,2765601,Scaffold,GCF_041956625.1,Talth1,100,28565
Thalassospira xiamenensis,,,,,,,,,
Thelonectria veuillotiana,,,,,,,,,
Thelypteris sp.,,,,,,,,,
